item,type,definition,gloss,language,choices,itemID,complexity_category
baa baa,Sounds,baa baa,baa baa,Eng,comprehension/production,item_1,
מה מה,Sounds,מה מה,baa baa,Heb,comprehension/production,item_2,
בזז...,Sounds,בזז...,baa baa,Heb,comprehension/production,item_3,
choo choo,Sounds,choo choo,choo choo,Eng,comprehension/production,item_4,
ציק ציק צאק,Sounds,ציק ציק צאק,choo choo,Heb,comprehension/production,item_5,
שש..ש,Sounds,שש..ש,choo choo,Heb,comprehension/production,item_6,
cockadoodledoo,Sounds,cockadoodledoo,cockadoodledoo,Eng,comprehension/production,item_7,
קוקוריקו,Sounds,קוקוריקו,cockadoodledoo,Heb,comprehension/production,item_8,
אי-אה,Sounds,אי-אה,cockadoodledoo,Heb,comprehension/production,item_9,
grrr,Sounds,grrr,grrr,universal,comprehension/production,item_10,
הופה,Sounds,הופה,grrr,Heb,comprehension/production,item_11,
meow,Sounds,meow,meow,Eng,comprehension/production,item_12,
מיאו,Sounds,מיאו,meow,Heb,comprehension/production,item_13,
ציף ציף,Sounds,ציף ציף,meow,Heb,comprehension/production,item_14,
moo,Sounds,moo,moo,Eng,comprehension/production,item_15,
מו,Sounds,מו,moo,Heb,comprehension/production,item_16,
ouch,Sounds,ouch,ouch,Eng,comprehension/production,item_17,
אוי/איה,Sounds,אוי/איה,ouch,Heb,comprehension/production,item_18,
quack quack,Sounds,quack quack,quack quack,Eng,comprehension/production,item_19,
גע גע,Sounds,גע גע,quack quack,Heb,comprehension/production,item_20,
uh oh,Sounds,uh oh,uh oh,Eng,comprehension/production,item_21,
אוי/איה_2,Sounds,אוי/איה,uh oh,Heb,comprehension/production,item_22,
vroom,Sounds,vroom,vroom,Eng,comprehension/production,item_23,
וון וון/הנ/ ברר,Sounds,וון וון/הנ/ ברר,vroom,Heb,comprehension/production,item_24,
woof woof,Sounds,woof woof,woof woof,Eng,comprehension/production,item_25,
האו/ הב הב,Sounds,האו/ הב הב,woof woof,Heb,comprehension/production,item_26,
yum yum,Sounds,yum yum,yum yum,Eng,comprehension/production,item_27,
הם/ מ מ...מ,Sounds,הם/ מ מ...מ,yum yum,Heb,comprehension/production,item_28,
alligator,Animals,alligator,alligator,Eng,comprehension/production,item_29,
תנין,Animals,תנין,alligator,Heb,comprehension/production,item_30,
אפרוח,Animals,אפרוח,alligator,Heb,comprehension/production,item_31,
animal,Animals,animal,animal,Eng,comprehension/production,item_32,
חיה,Animals,חיה,animal,Heb,comprehension/production,item_33,
היפופוטם,Animals,היפופוטם,animal,Heb,comprehension/production,item_34,
ant,Animals,ant,ant,Eng,comprehension/production,item_35,
נמלה,Animals,נמלה,ant,Heb,comprehension/production,item_36,
זבוב,Animals,זבוב,ant,Heb,comprehension/production,item_37,
bear,Animals,bear,bear,Eng,comprehension/production,item_38,
דוב/דובי,Animals,דוב/דובי,bear,Heb,comprehension/production,item_39,
טווס,Animals,טווס,bear,Heb,comprehension/production,item_40,
bee,Animals,bee,bee,Eng,comprehension/production,item_41,
דבורה,Animals,דבורה,bee,Heb,comprehension/production,item_42,
יונה,Animals,יונה,bee,Heb,comprehension/production,item_43,
bird,Animals,bird,bird,Eng,comprehension/production,item_44,
ציפור,Animals,ציפור,bird,Heb,comprehension/production,item_45,
נחש,Animals,נחש,bird,Heb,comprehension/production,item_46,
bug,Animals,bug,bug,Eng,comprehension/production,item_47,
ג'וק,Animals,ג'וק,bug,Heb,comprehension/production,item_48,
קיפוד,Animals,קיפוד,bug,Heb,comprehension/production,item_49,
bunny,Animals,bunny,bunny,Eng,comprehension/production,item_50,
שפן/ארנבת,Animals,שפן/ארנבת,bunny,Heb,comprehension/production,item_51,
תוכי,Animals,תוכי,bunny,Heb,comprehension/production,item_52,
butterfly,Animals,butterfly,butterfly,Eng,comprehension/production,item_53,
פרפר,Animals,פרפר,butterfly,Heb,comprehension/production,item_54,
חיפושית,Animals,חיפושית,butterfly,Heb,comprehension/production,item_55,
cat,Animals,cat,cat,Eng,comprehension/production,item_56,
חתול,Animals,חתול,cat,Heb,comprehension/production,item_57,
chicken,Animals,chicken,chicken,universal,comprehension/production,item_58,
cow,Animals,cow,cow,Eng,comprehension/production,item_59,
פרה,Animals,פרה,cow,Heb,comprehension/production,item_60,
deer,Animals,deer,deer,Eng,comprehension/production,item_61,
אייל/צבי,Animals,אייל/צבי,deer,Heb,comprehension/production,item_62,
dog,Animals,dog,dog,Eng,comprehension/production,item_63,
כלב,Animals,כלב,dog,Heb,comprehension/production,item_64,
donkey,Animals,donkey,donkey,Eng,comprehension/production,item_65,
חמור,Animals,חמור,donkey,Heb,comprehension/production,item_66,
duck,Animals,duck,duck,Eng,comprehension/production,item_67,
ברווז,Animals,ברווז,duck,Heb,comprehension/production,item_68,
elephant,Animals,elephant,elephant,Eng,comprehension/production,item_69,
פיל,Animals,פיל,elephant,Heb,comprehension/production,item_70,
fish,Animals,fish,fish,Eng,comprehension/production,item_71,
דג,Animals,דג,fish,Heb,comprehension/production,item_72,
frog,Animals,frog,frog,Eng,comprehension/production,item_73,
צפרדע,Animals,צפרדע,frog,Heb,comprehension/production,item_74,
giraffe,Animals,giraffe,giraffe,Eng,comprehension/production,item_75,
ג'ירפה,Animals,ג'ירפה,giraffe,Heb,comprehension/production,item_76,
goose,Animals,goose,goose,Eng,comprehension/production,item_77,
אווז,Animals,אווז,goose,Heb,comprehension/production,item_78,
hen,Animals,hen,hen,universal,comprehension/production,item_79,
horse,Animals,horse,horse,Eng,comprehension/production,item_80,
סוס,Animals,סוס,horse,Heb,comprehension/production,item_81,
kitty,Animals,kitty,kitty,universal,comprehension/production,item_82,
lamb,Animals,lamb,lamb,Eng,comprehension/production,item_83,
טלה,Animals,טלה,lamb,Heb,comprehension/production,item_84,
lion,Animals,lion,lion,Eng,comprehension/production,item_85,
אריה,Animals,אריה,lion,Heb,comprehension/production,item_86,
monkey,Animals,monkey,monkey,Eng,comprehension/production,item_87,
קוף,Animals,קוף,monkey,Heb,comprehension/production,item_88,
moose,Animals,moose,moose,universal,comprehension/production,item_89,
mouse,Animals,mouse,mouse,Eng,comprehension/production,item_90,
עכבר,Animals,עכבר,mouse,Heb,comprehension/production,item_91,
owl,Animals,owl,owl,Eng,comprehension/production,item_92,
ינשוף,Animals,ינשוף,owl,Heb,comprehension/production,item_93,
penguin,Animals,penguin,penguin,Eng,comprehension/production,item_94,
פינגווין,Animals,פינגווין,penguin,Heb,comprehension/production,item_95,
pig,Animals,pig,pig,Eng,comprehension/production,item_96,
חזיר,Animals,חזיר,pig,Heb,comprehension/production,item_97,
pony,Animals,pony,pony,universal,comprehension/production,item_98,
puppy,Animals,puppy,puppy,Eng,comprehension/production,item_99,
גור,Animals,גור,puppy,Heb,comprehension/production,item_100,
rooster,Animals,rooster,rooster,Eng,comprehension/production,item_101,
תרנגול,Animals,תרנגול,rooster,Heb,comprehension/production,item_102,
sheep,Animals,sheep,sheep,Eng,comprehension/production,item_103,
כבשה,Animals,כבשה,sheep,Heb,comprehension/production,item_104,
squirrel,Animals,squirrel,squirrel,Eng,comprehension/production,item_105,
סנאי,Animals,סנאי,squirrel,Heb,comprehension/production,item_106,
teddybear,Animals,teddybear,teddybear,Eng,comprehension/production,item_107,
דוב/דובי_2,Animals,דוב/דובי,teddybear,Heb,comprehension/production,item_108,
tiger,Animals,tiger,tiger,Eng,comprehension/production,item_109,
נמר,Animals,נמר,tiger,Heb,comprehension/production,item_110,
turkey,Animals,turkey,turkey,Eng,comprehension/production,item_111,
תרנגול הודו,Animals,תרנגול הודו,turkey,Heb,comprehension/production,item_112,
turtle,Animals,turtle,turtle,Eng,comprehension/production,item_113,
צב,Animals,צב,turtle,Heb,comprehension/production,item_114,
wolf,Animals,wolf,wolf,Eng,comprehension/production,item_115,
זאב,Animals,זאב,wolf,Heb,comprehension/production,item_116,
zebra,Animals,zebra,zebra,Eng,comprehension/production,item_117,
זברה,Animals,זברה,zebra,Heb,comprehension/production,item_118,
airplane,Vehicles,airplane,airplane,Eng,comprehension/production,item_119,
מטוס/אווירון,Vehicles,מטוס/אווירון,airplane,Heb,comprehension/production,item_120,
אמבולנס,Vehicles,אמבולנס,airplane,Heb,comprehension/production,item_121,
bicycle,Vehicles,bicycle,bicycle,Eng,comprehension/production,item_122,
אופניים,Vehicles,אופניים,bicycle,Heb,comprehension/production,item_123,
ג'יפ,Vehicles,ג'יפ,bicycle,Heb,comprehension/production,item_124,
boat,Vehicles,boat,boat,Eng,comprehension/production,item_125,
סירה,Vehicles,סירה,boat,Heb,comprehension/production,item_126,
אנייה,Vehicles,אנייה,boat,Heb,comprehension/production,item_127,
bus,Vehicles,bus,bus,Eng,comprehension/production,item_128,
אוטובוס,Vehicles,אוטובוס,bus,Heb,comprehension/production,item_129,
קטר,Vehicles,קטר,bus,Heb,comprehension/production,item_130,
car,Vehicles,car,car,Eng,comprehension/production,item_131,
אוטו/מכונית,Vehicles,אוטו/מכונית,car,Heb,comprehension/production,item_132,
firetruck,Vehicles,firetruck,firetruck,universal,comprehension/production,item_133,
helicopter,Vehicles,helicopter,helicopter,Eng,comprehension/production,item_134,
הליקופטר/מסוק,Vehicles,הליקופטר/מסוק,helicopter,Heb,comprehension/production,item_135,
motorcycle,Vehicles,motorcycle,motorcycle,Eng,comprehension/production,item_136,
אופנוע,Vehicles,אופנוע,motorcycle,Heb,comprehension/production,item_137,
sled,Vehicles,sled,sled,universal,comprehension/production,item_138,
stroller,Vehicles,stroller,stroller,Eng,comprehension/production,item_139,
עגלה,Vehicles,עגלה,stroller,Heb,comprehension/production,item_140,
tractor,Vehicles,tractor,tractor,Eng,comprehension/production,item_141,
טרקטור,Vehicles,טרקטור,tractor,Heb,comprehension/production,item_142,
train,Vehicles,train,train,Eng,comprehension/production,item_143,
רכבת,Vehicles,רכבת,train,Heb,comprehension/production,item_144,
tricycle,Vehicles,tricycle,tricycle,universal,comprehension/production,item_145,
truck,Vehicles,truck,truck,Eng,comprehension/production,item_146,
משאית,Vehicles,משאית,truck,Heb,comprehension/production,item_147,
ball,Toys,ball,ball,Eng,comprehension/production,item_148,
כדור,Toys,כדור,ball,Heb,comprehension/production,item_149,
טוש,Toys,טוש,ball,Heb,comprehension/production,item_150,
balloon,Toys,balloon,balloon,Eng,comprehension/production,item_151,
בלון,Toys,בלון,balloon,Heb,comprehension/production,item_152,
ליצן,Toys,ליצן,balloon,Heb,comprehension/production,item_153,
bat,Toys,bat,bat,universal,comprehension/production,item_154,
סביבון,Toys,סביבון,bat,Heb,comprehension/production,item_155,
block,Toys,block,block,Eng,comprehension/production,item_156,
קוביה,Toys,קוביה,block,Heb,comprehension/production,item_157,
חרוזים,Toys,חרוזים,block,Heb,comprehension/production,item_158,
book,Toys,book,book,Eng,comprehension/production,item_159,
ספר,Toys,ספר,book,Heb,comprehension/production,item_160,
מגדל,Toys,מגדל,book,Heb,comprehension/production,item_161,
bubbles,Toys,bubbles,bubbles,Eng,comprehension/production,item_162,
בועות,Toys,בועות,bubbles,Heb,comprehension/production,item_163,
רעשן/קשקשן,Toys,רעשן/קשקשן,bubbles,Heb,comprehension/production,item_164,
chalk,Toys,chalk,chalk,Eng,comprehension/production,item_165,
גיר,Toys,גיר,chalk,Heb,comprehension/production,item_166,
crayon,Toys,crayon,crayon,universal,comprehension/production,item_167,
doll,Toys,doll,doll,Eng,comprehension/production,item_168,
בובה,Toys,בובה,doll,Heb,comprehension/production,item_169,
game,Toys,game,game,Eng,comprehension/production,item_170,
משחק,Toys,משחק,game,Heb,comprehension/production,item_171,
glue,Toys,glue,glue,Eng,comprehension/production,item_172,
דבק,Toys,דבק,glue,Heb,comprehension/production,item_173,
pen,Toys,pen,pen,Eng,comprehension/production,item_174,
עט,Toys,עט,pen,Heb,comprehension/production,item_175,
pencil,Toys,pencil,pencil,Eng,comprehension/production,item_176,
עפרון,Toys,עפרון,pencil,Heb,comprehension/production,item_177,
play dough,Toys,play dough,play dough,Eng,comprehension/production,item_178,
ברבצק/פלסטלינה,Toys,ברבצק/פלסטלינה,play dough,Heb,comprehension/production,item_179,
present,Toys,present,present,Eng,comprehension/production,item_180,
מתנה,Toys,מתנה,present,Heb,comprehension/production,item_181,
puzzle,Toys,puzzle,puzzle,Eng,comprehension/production,item_182,
הרכבה/פאזל,Toys,הרכבה/פאזל,puzzle,Heb,comprehension/production,item_183,
story,Toys,story,story,Eng,comprehension/production,item_184,
סיפור,Toys,סיפור,story,Heb,comprehension/production,item_185,
toy,Toys,toy,toy,Eng,comprehension/production,item_186,
צעצוע,Toys,צעצוע,toy,Heb,comprehension/production,item_187,
apple,Food and Drink,apple,apple,Eng,comprehension/production,item_188,
תפוח,Food and Drink,תפוח,apple,Heb,comprehension/production,item_189,
אבטיח,Food and Drink,אבטיח,apple,Heb,comprehension/production,item_190,
applesauce,Food and Drink,applesauce,applesauce,universal,comprehension/production,item_191,
אגס,Food and Drink,אגס,applesauce,Heb,comprehension/production,item_192,
banana,Food and Drink,banana,banana,Eng,comprehension/production,item_193,
בננה,Food and Drink,בננה,banana,Heb,comprehension/production,item_194,
אורז,Food and Drink,אורז,banana,Heb,comprehension/production,item_195,
beans,Food and Drink,beans,beans,Eng,comprehension/production,item_196,
שעועית,Food and Drink,שעועית,beans,Heb,comprehension/production,item_197,
אפרסק,Food and Drink,אפרסק,beans,Heb,comprehension/production,item_198,
bread,Food and Drink,bread,bread,Eng,comprehension/production,item_199,
לחם,Food and Drink,לחם,bread,Heb,comprehension/production,item_200,
במבה,Food and Drink,במבה,bread,Heb,comprehension/production,item_201,
butter,Food and Drink,butter,butter,Eng,comprehension/production,item_202,
מרגרינה/חמאה,Food and Drink,מרגרינה/חמאה,butter,Heb,comprehension/production,item_203,
דבש,Food and Drink,דבש,butter,Heb,comprehension/production,item_204,
cake,Food and Drink,cake,cake,Eng,comprehension/production,item_205,
עוגה,Food and Drink,עוגה,cake,Heb,comprehension/production,item_206,
דייסה,Food and Drink,דייסה,cake,Heb,comprehension/production,item_207,
candy,Food and Drink,candy,candy,Eng,comprehension/production,item_208,
ממתק      ,Food and Drink,ממתק      ,candy,Heb,comprehension/production,item_209,
סוכריה,Food and Drink,סוכריה,candy,Heb,comprehension/production,item_210,
ופל,Food and Drink,ופל,candy,Heb,comprehension/production,item_211,
carrots,Food and Drink,carrots,carrots,Eng,comprehension/production,item_212,
גזר,Food and Drink,גזר,carrots,Heb,comprehension/production,item_213,
חביתה,Food and Drink,חביתה,carrots,Heb,comprehension/production,item_214,
cereal,Food and Drink,cereal,cereal,universal,comprehension/production,item_215,
לחמניה,Food and Drink,לחמניה,cereal,Heb,comprehension/production,item_216,
cheerios,Food and Drink,cheerios,cheerios,universal,comprehension/production,item_217,
נקניק,Food and Drink,נקניק,cheerios,Heb,comprehension/production,item_218,
cheese,Food and Drink,cheese,cheese,Eng,comprehension/production,item_219,
גבינה,Food and Drink,גבינה,cheese,Heb,comprehension/production,item_220,
עגבניה,Food and Drink,עגבניה,cheese,Heb,comprehension/production,item_221,
chicken_2,Food and Drink,chicken,chicken,Eng,comprehension/production,item_222,
עוף,Food and Drink,עוף,chicken,Heb,comprehension/production,item_223,
פלפל,Food and Drink,פלפל,chicken,Heb,comprehension/production,item_224,
chocolate,Food and Drink,chocolate,chocolate,Eng,comprehension/production,item_225,
שוקולד,Food and Drink,שוקולד,chocolate,Heb,comprehension/production,item_226,
שוקו,Food and Drink,שוקו,chocolate,Heb,comprehension/production,item_227,
coffee,Food and Drink,coffee,coffee,Eng,comprehension/production,item_228,
קפה,Food and Drink,קפה,coffee,Heb,comprehension/production,item_229,
שניצל,Food and Drink,שניצל,coffee,Heb,comprehension/production,item_230,
coke,Food and Drink,coke,coke,Eng,comprehension/production,item_231,
קוקה קולה,Food and Drink,קוקה קולה,coke,Heb,comprehension/production,item_232,
תה,Food and Drink,תה,coke,Heb,comprehension/production,item_233,
cookie,Food and Drink,cookie,cookie,universal,comprehension/production,item_234,
זיתים,Food and Drink,זיתים,cookie,Heb,comprehension/production,item_235,
corn,Food and Drink,corn,corn,Eng,comprehension/production,item_236,
תירס,Food and Drink,תירס,corn,Heb,comprehension/production,item_237,
טחינה,Food and Drink,טחינה,corn,Heb,comprehension/production,item_238,
cracker,Food and Drink,cracker,cracker,Eng,comprehension/production,item_239,
קרקר,Food and Drink,קרקר,cracker,Heb,comprehension/production,item_240,
מלפפון,Food and Drink,מלפפון,cracker,Heb,comprehension/production,item_241,
doughnut,Food and Drink,doughnut,doughnut,universal,comprehension/production,item_242,
פיתה,Food and Drink,פיתה,doughnut,Heb,comprehension/production,item_243,
drink,Food and Drink,drink,drink,universal,comprehension/production,item_244,
פתיתים,Food and Drink,פתיתים,drink,Heb,comprehension/production,item_245,
egg,Food and Drink,egg,egg,Eng,comprehension/production,item_246,
ביצה,Food and Drink,ביצה,egg,Heb,comprehension/production,item_247,
קלמנטינה,Food and Drink,קלמנטינה,egg,Heb,comprehension/production,item_248,
fish_2,Food and Drink,fish,fish,Eng,comprehension/production,item_249,
דג_2,Food and Drink,דג,fish,Heb,comprehension/production,item_250,
קציצה,Food and Drink,קציצה,fish,Heb,comprehension/production,item_251,
food,Food and Drink,food,food,Eng,comprehension/production,item_252,
אוכל,Food and Drink,אוכל,food,Heb,comprehension/production,item_253,
french fries,Food and Drink,french fries,french fries,Eng,comprehension/production,item_254,
צ'יפס,Food and Drink,צ'יפס,french fries,Heb,comprehension/production,item_255,
grapes,Food and Drink,grapes,grapes,Eng,comprehension/production,item_256,
ענבים,Food and Drink,ענבים,grapes,Heb,comprehension/production,item_257,
green beans,Food and Drink,green beans,green beans,universal,comprehension/production,item_258,
gum,Food and Drink,gum,gum,Eng,comprehension/production,item_259,
מסטיק,Food and Drink,מסטיק,gum,Heb,comprehension/production,item_260,
hamburger,Food and Drink,hamburger,hamburger,universal,comprehension/production,item_261,
ice,Food and Drink,ice,ice,universal,comprehension/production,item_262,
ice cream,Food and Drink,ice cream,ice cream,Eng,comprehension/production,item_263,
ארטיק/גלידה,Food and Drink,ארטיק/גלידה,ice cream,Heb,comprehension/production,item_264,
jello,Food and Drink,jello,jello,universal,comprehension/production,item_265,
jelly,Food and Drink,jelly,jelly,Eng,comprehension/production,item_266,
ריבה,Food and Drink,ריבה,jelly,Heb,comprehension/production,item_267,
juice,Food and Drink,juice,juice,Eng,comprehension/production,item_268,
מיץ,Food and Drink,מיץ,juice,Heb,comprehension/production,item_269,
lollipop,Food and Drink,lollipop,lollipop,universal,comprehension/production,item_270,
meat,Food and Drink,meat,meat,Eng,comprehension/production,item_271,
בשר,Food and Drink,בשר,meat,Heb,comprehension/production,item_272,
melon,Food and Drink,melon,melon,Eng,comprehension/production,item_273,
מלון,Food and Drink,מלון,melon,Heb,comprehension/production,item_274,
milk,Food and Drink,milk,milk,Eng,comprehension/production,item_275,
חלב,Food and Drink,חלב,milk,Heb,comprehension/production,item_276,
muffin,Food and Drink,muffin,muffin,universal,comprehension/production,item_277,
noodles,Food and Drink,noodles,noodles,Eng,comprehension/production,item_278,
ספגטי/אטריות,Food and Drink,ספגטי/אטריות,noodles,Heb,comprehension/production,item_279,
nuts,Food and Drink,nuts,nuts,Eng,comprehension/production,item_280,
אגוזים,Food and Drink,אגוזים,nuts,Heb,comprehension/production,item_281,
orange,Food and Drink,orange,orange,Eng,comprehension/production,item_282,
תפוז,Food and Drink,תפוז,orange,Heb,comprehension/production,item_283,
pancake,Food and Drink,pancake,pancake,universal,comprehension/production,item_284,
peanut butter,Food and Drink,peanut butter,peanut butter,universal,comprehension/production,item_285,
peas,Food and Drink,peas,peas,Eng,comprehension/production,item_286,
אפונה,Food and Drink,אפונה,peas,Heb,comprehension/production,item_287,
pickle,Food and Drink,pickle,pickle,Eng,comprehension/production,item_288,
חמוצים/מלפפון חמוץ,Food and Drink,חמוצים/מלפפון חמוץ,pickle,Heb,comprehension/production,item_289,
pizza,Food and Drink,pizza,pizza,Eng,comprehension/production,item_290,
פיצה,Food and Drink,פיצה,pizza,Heb,comprehension/production,item_291,
popcorn,Food and Drink,popcorn,popcorn,universal,comprehension/production,item_292,
popsicle,Food and Drink,popsicle,popsicle,Eng,comprehension/production,item_293,
ארטיק/גלידה_2,Food and Drink,ארטיק/גלידה,popsicle,Heb,comprehension/production,item_294,
potato,Food and Drink,potato,potato,Eng,comprehension/production,item_295,
תפוח אדמה,Food and Drink,תפוח אדמה,potato,Heb,comprehension/production,item_296,
potato chip,Food and Drink,potato chip,potato chip,Eng,comprehension/production,item_297,
צ'יפס_2,Food and Drink,צ'יפס,potato chip,Heb,comprehension/production,item_298,
prezel,Food and Drink,prezel,prezel,Eng,comprehension/production,item_299,
בייגלה,Food and Drink,בייגלה,prezel,Heb,comprehension/production,item_300,
pudding,Food and Drink,pudding,pudding,universal,comprehension/production,item_301,
pumpkin,Food and Drink,pumpkin,pumpkin,universal,comprehension/production,item_302,
raisin,Food and Drink,raisin,raisin,Eng,comprehension/production,item_303,
צימוקים,Food and Drink,צימוקים,raisin,Heb,comprehension/production,item_304,
salt,Food and Drink,salt,salt,Eng,comprehension/production,item_305,
מלח,Food and Drink,מלח,salt,Heb,comprehension/production,item_306,
sandwich,Food and Drink,sandwich,sandwich,Eng,comprehension/production,item_307,
סנדוויץ'/ כריך,Food and Drink,סנדוויץ'/ כריך,sandwich,Heb,comprehension/production,item_308,
sauce,Food and Drink,sauce,sauce,universal,comprehension/production,item_309,
soda/pop,Food and Drink,soda/pop,soda/pop,universal,comprehension/production,item_310,
soup,Food and Drink,soup,soup,Eng,comprehension/production,item_311,
מרק,Food and Drink,מרק,soup,Heb,comprehension/production,item_312,
spaghetti,Food and Drink,spaghetti,spaghetti,Eng,comprehension/production,item_313,
ספגטי/אטריות_2,Food and Drink,ספגטי/אטריות,spaghetti,Heb,comprehension/production,item_314,
strawberry,Food and Drink,strawberry,strawberry,Eng,comprehension/production,item_315,
תות,Food and Drink,תות,strawberry,Heb,comprehension/production,item_316,
toast,Food and Drink,toast,toast,Eng,comprehension/production,item_317,
טוסט,Food and Drink,טוסט,toast,Heb,comprehension/production,item_318,
tuna,Food and Drink,tuna,tuna,Eng,comprehension/production,item_319,
טונה,Food and Drink,טונה,tuna,Heb,comprehension/production,item_320,
vanilla,Food and Drink,vanilla,vanilla,universal,comprehension/production,item_321,
vitamins,Food and Drink,vitamins,vitamins,universal,comprehension/production,item_322,
water,Food and Drink,water,water,Eng,comprehension/production,item_323,
מים,Food and Drink,מים,water,Heb,comprehension/production,item_324,
yogurt,Food and Drink,yogurt,yogurt,Eng,comprehension/production,item_325,
לבן/פריגורט/מעדן,Food and Drink,לבן/פריגורט/מעדן,yogurt,Heb,comprehension/production,item_326,
beads ,Clothing,beads ,beads ,universal,comprehension/production,item_327,
אפודה,Clothing,אפודה,beads ,Heb,comprehension/production,item_328,
belt,Clothing,belt,belt,Eng,comprehension/production,item_329,
חגורה,Clothing,חגורה,belt,Heb,comprehension/production,item_330,
גופיה,Clothing,גופיה,belt,Heb,comprehension/production,item_331,
bib,Clothing,bib,bib,Eng,comprehension/production,item_332,
סינור,Clothing,סינור,bib,Heb,comprehension/production,item_333,
בגד ים,Clothing,בגד ים,bib,Heb,comprehension/production,item_334,
boots,Clothing,boots,boots,Eng,comprehension/production,item_335,
מגפיים,Clothing,מגפיים,boots,Heb,comprehension/production,item_336,
חצאית,Clothing,חצאית,boots,Heb,comprehension/production,item_337,
button,Clothing,button,button,Eng,comprehension/production,item_338,
כפתור,Clothing,כפתור,button,Heb,comprehension/production,item_339,
טריינינג,Clothing,טריינינג,button,Heb,comprehension/production,item_340,
coat,Clothing,coat,coat,Eng,comprehension/production,item_341,
מעיל,Clothing,מעיל,coat,Heb,comprehension/production,item_342,
סנדלים,Clothing,סנדלים,coat,Heb,comprehension/production,item_343,
diaper,Clothing,diaper,diaper,Eng,comprehension/production,item_344,
טיטול/חיתול,Clothing,טיטול/חיתול,diaper,Heb,comprehension/production,item_345,
dress,Clothing,dress,dress,Eng,comprehension/production,item_346,
שמלה,Clothing,שמלה,dress,Heb,comprehension/production,item_347,
gloves,Clothing,gloves,gloves,Eng,comprehension/production,item_348,
כפפות,Clothing,כפפות,gloves,Heb,comprehension/production,item_349,
hat,Clothing,hat,hat,Eng,comprehension/production,item_350,
כובע,Clothing,כובע,hat,Heb,comprehension/production,item_351,
jacket,Clothing,jacket,jacket,universal,comprehension/production,item_352,
jeans,Clothing,jeans,jeans,Eng,comprehension/production,item_353,
ג'ינס,Clothing,ג'ינס,jeans,Heb,comprehension/production,item_354,
mittens,Clothing,mittens,mittens,universal,comprehension/production,item_355,
necklace,Clothing,necklace,necklace,Eng,comprehension/production,item_356,
שרשרת/מחרוזת,Clothing,שרשרת/מחרוזת,necklace,Heb,comprehension/production,item_357,
pajamas,Clothing,pajamas,pajamas,Eng,comprehension/production,item_358,
פיג'מה,Clothing,פיג'מה,pajamas,Heb,comprehension/production,item_359,
pants,Clothing,pants,pants,Eng,comprehension/production,item_360,
מכנסיים,Clothing,מכנסיים,pants,Heb,comprehension/production,item_361,
scarf,Clothing,scarf,scarf,Eng,comprehension/production,item_362,
צעיף,Clothing,צעיף,scarf,Heb,comprehension/production,item_363,
shirt,Clothing,shirt,shirt,Eng,comprehension/production,item_364,
חולצה,Clothing,חולצה,shirt,Heb,comprehension/production,item_365,
shoe,Clothing,shoe,shoe,Eng,comprehension/production,item_366,
נעל/נעליים,Clothing,נעל/נעליים,shoe,Heb,comprehension/production,item_367,
shorts,Clothing,shorts,shorts,universal,comprehension/production,item_368,
slipper,Clothing,slipper,slipper,Eng,comprehension/production,item_369,
נעלי בית,Clothing,נעלי בית,slipper,Heb,comprehension/production,item_370,
sneaker,Clothing,sneaker,sneaker,Eng,comprehension/production,item_371,
נעלי ספורט/התעמלות,Clothing,נעלי ספורט/התעמלות,sneaker,Heb,comprehension/production,item_372,
snowsuit,Clothing,snowsuit,snowsuit,universal,comprehension/production,item_373,
sock,Clothing,sock,sock,Eng,comprehension/production,item_374,
גרביים,Clothing,גרביים,sock,Heb,comprehension/production,item_375,
sweater,Clothing,sweater,sweater,Eng,comprehension/production,item_376,
סוודר,Clothing,סוודר,sweater,Heb,comprehension/production,item_377,
tights,Clothing,tights,tights,Eng,comprehension/production,item_378,
גרביונים/טייטס,Clothing,גרביונים/טייטס,tights,Heb,comprehension/production,item_379,
underpants,Clothing,underpants,underpants,Eng,comprehension/production,item_380,
תחתונים,Clothing,תחתונים,underpants,Heb,comprehension/production,item_381,
zipper,Clothing,zipper,zipper,Eng,comprehension/production,item_382,
רוכסן/ריצ'רץ',Clothing,רוכסן/ריצ'רץ',zipper,Heb,comprehension/production,item_383,
ankle,Body Parts,ankle,ankle,universal,comprehension/production,item_384,
מצח,Body Parts,מצח,ankle,Heb,comprehension/production,item_385,
arm,Body Parts,arm,arm,universal,comprehension/production,item_386,
צוואר,Body Parts,צוואר,arm,Heb,comprehension/production,item_387,
belly button,Body Parts,belly button,belly button,Eng,comprehension/production,item_388,
פופיק/טבור,Body Parts,פופיק/טבור,belly button,Heb,comprehension/production,item_389,
צפורניים,Body Parts,צפורניים,belly button,Heb,comprehension/production,item_390,
buttocks/buttom,Body Parts,buttocks/buttom,buttocks/buttom,Eng,comprehension/production,item_391,
טוסיק/ישבן,Body Parts,טוסיק/ישבן,buttocks/buttom,Heb,comprehension/production,item_392,
ציצי,Body Parts,ציצי,buttocks/buttom,Heb,comprehension/production,item_393,
cheek,Body Parts,cheek,cheek,Eng,comprehension/production,item_394,
לחי/לחיים,Body Parts,לחי/לחיים,cheek,Heb,comprehension/production,item_395,
chin,Body Parts,chin,chin,Eng,comprehension/production,item_396,
סנטר,Body Parts,סנטר,chin,Heb,comprehension/production,item_397,
ear,Body Parts,ear,ear,Eng,comprehension/production,item_398,
אוזן/אוזניים,Body Parts,אוזן/אוזניים,ear,Heb,comprehension/production,item_399,
eye,Body Parts,eye,eye,Eng,comprehension/production,item_400,
עין/עיניים,Body Parts,עין/עיניים,eye,Heb,comprehension/production,item_401,
face,Body Parts,face,face,Eng,comprehension/production,item_402,
פנים,Body Parts,פנים,face,Heb,comprehension/production,item_403,
feet,Body Parts,feet,feet,universal,comprehension/production,item_404,
finger,Body Parts,finger,finger,Eng,comprehension/production,item_405,
אצבעות,Body Parts,אצבעות,finger,Heb,comprehension/production,item_406,
hair,Body Parts,hair,hair,Eng,comprehension/production,item_407,
שערות,Body Parts,שערות,hair,Heb,comprehension/production,item_408,
hand,Body Parts,hand,hand,Eng,comprehension/production,item_409,
ידיים,Body Parts,ידיים,hand,Heb,comprehension/production,item_410,
head,Body Parts,head,head,Eng,comprehension/production,item_411,
ראש,Body Parts,ראש,head,Heb,comprehension/production,item_412,
knee,Body Parts,knee,knee,Eng,comprehension/production,item_413,
ברך/ברכיים,Body Parts,ברך/ברכיים,knee,Heb,comprehension/production,item_414,
leg,Body Parts,leg,leg,Eng,comprehension/production,item_415,
רגליים,Body Parts,רגליים,leg,Heb,comprehension/production,item_416,
lips,Body Parts,lips,lips,Eng,comprehension/production,item_417,
שפתיים,Body Parts,שפתיים,lips,Heb,comprehension/production,item_418,
mouth,Body Parts,mouth,mouth,Eng,comprehension/production,item_419,
פה,Body Parts,פה,mouth,Heb,comprehension/production,item_420,
nose,Body Parts,nose,nose,Eng,comprehension/production,item_421,
אף,Body Parts,אף,nose,Heb,comprehension/production,item_422,
owie/boo boo,Body Parts,owie/boo boo,owie/boo boo,universal,comprehension/production,item_423,
penis,Body Parts,penis,penis,Eng,comprehension/production,item_424,
בולבול/פיפי,Body Parts,בולבול/פיפי,penis,Heb,comprehension/production,item_425,
shoulder,Body Parts,shoulder,shoulder,Eng,comprehension/production,item_426,
כתף/כתפיים,Body Parts,כתף/כתפיים,shoulder,Heb,comprehension/production,item_427,
tooth,Body Parts,tooth,tooth,Eng,comprehension/production,item_428,
שן/שיניים,Body Parts,שן/שיניים,tooth,Heb,comprehension/production,item_429,
toe,Body Parts,toe,toe,Eng,comprehension/production,item_430,
אגודל/בוהן,Body Parts,אגודל/בוהן,toe,Heb,comprehension/production,item_431,
tongue,Body Parts,tongue,tongue,Eng,comprehension/production,item_432,
לשון,Body Parts,לשון,tongue,Heb,comprehension/production,item_433,
tummy,Body Parts,tummy,tummy,Eng,comprehension/production,item_434,
בטן,Body Parts,בטן,tummy,Heb,comprehension/production,item_435,
vagina,Body Parts,vagina,vagina,universal,comprehension/production,item_436,
basket,Small Household Items,basket,basket,Eng,comprehension/production,item_437,
סל,Small Household Items,סל,basket,Heb,comprehension/production,item_438,
מוצץ,Small Household Items,מוצץ,basket,Heb,comprehension/production,item_439,
blanket,Small Household Items,blanket,blanket,Eng,comprehension/production,item_440,
שמיכה,Small Household Items,שמיכה,blanket,Heb,comprehension/production,item_441,
סיר בישול,Small Household Items,סיר בישול,blanket,Heb,comprehension/production,item_442,
bottle,Small Household Items,bottle,bottle,Eng,comprehension/production,item_443,
בקבוק,Small Household Items,בקבוק,bottle,Heb,comprehension/production,item_444,
עציץ,Small Household Items,עציץ,bottle,Heb,comprehension/production,item_445,
box,Small Household Items,box,box,Eng,comprehension/production,item_446,
קופסא,Small Household Items,קופסא,box,Heb,comprehension/production,item_447,
פח,Small Household Items,פח,box,Heb,comprehension/production,item_448,
bowl,Small Household Items,bowl,bowl,universal,comprehension/production,item_449,
תיק,Small Household Items,תיק,bowl,Heb,comprehension/production,item_450,
broom,Small Household Items,broom,broom,Eng,comprehension/production,item_451,
מטאטא,Small Household Items,מטאטא,broom,Heb,comprehension/production,item_452,
brush,Small Household Items,brush,brush,Eng,comprehension/production,item_453,
מברשת,Small Household Items,מברשת,brush,Heb,comprehension/production,item_454,
bucket,Small Household Items,bucket,bucket,Eng,comprehension/production,item_455,
דלי,Small Household Items,דלי,bucket,Heb,comprehension/production,item_456,
camera,Small Household Items,camera,camera,Eng,comprehension/production,item_457,
מצלמה,Small Household Items,מצלמה,camera,Heb,comprehension/production,item_458,
can,Small Household Items,can,can,universal,comprehension/production,item_459,
clock,Small Household Items,clock,clock,Eng,comprehension/production,item_460,
שעון,Small Household Items,שעון,clock,Heb,comprehension/production,item_461,
comb,Small Household Items,comb,comb,Eng,comprehension/production,item_462,
מסרק,Small Household Items,מסרק,comb,Heb,comprehension/production,item_463,
cup,Small Household Items,cup,cup,Eng,comprehension/production,item_464,
כוס/ספל,Small Household Items,כוס/ספל,cup,Heb,comprehension/production,item_465,
dish,Small Household Items,dish,dish,Eng,comprehension/production,item_466,
צלחת,Small Household Items,צלחת,dish,Heb,comprehension/production,item_467,
fork,Small Household Items,fork,fork,Eng,comprehension/production,item_468,
מזלג,Small Household Items,מזלג,fork,Heb,comprehension/production,item_469,
garbage,Small Household Items,garbage,garbage,Eng,comprehension/production,item_470,
אשפה/זבל,Small Household Items,אשפה/זבל,garbage,Heb,comprehension/production,item_471,
glass,Small Household Items,glass,glass,Eng,comprehension/production,item_472,
כוס/ספל_2,Small Household Items,כוס/ספל,glass,Heb,comprehension/production,item_473,
glasses,Small Household Items,glasses,glasses,Eng,comprehension/production,item_474,
משקפיים,Small Household Items,משקפיים,glasses,Heb,comprehension/production,item_475,
hammer,Small Household Items,hammer,hammer,Eng,comprehension/production,item_476,
פטיש,Small Household Items,פטיש,hammer,Heb,comprehension/production,item_477,
jar,Small Household Items,jar,jar,universal,comprehension/production,item_478,
keys,Small Household Items,keys,keys,Eng,comprehension/production,item_479,
מפתחות,Small Household Items,מפתחות,keys,Heb,comprehension/production,item_480,
knife,Small Household Items,knife,knife,Eng,comprehension/production,item_481,
סכין,Small Household Items,סכין,knife,Heb,comprehension/production,item_482,
lamp,Small Household Items,lamp,lamp,Eng,comprehension/production,item_483,
מנורה,Small Household Items,מנורה,lamp,Heb,comprehension/production,item_484,
light,Small Household Items,light,light,Eng,comprehension/production,item_485,
אור,Small Household Items,אור,light,Heb,comprehension/production,item_486,
medicine,Small Household Items,medicine,medicine,Eng,comprehension/production,item_487,
תרופה,Small Household Items,תרופה,medicine,Heb,comprehension/production,item_488,
money,Small Household Items,money,money,Eng,comprehension/production,item_489,
כסף,Small Household Items,כסף,money,Heb,comprehension/production,item_490,
mop,Small Household Items,mop,mop,Eng,comprehension/production,item_491,
מגב,Small Household Items,מגב,mop,Heb,comprehension/production,item_492,
nail,Small Household Items,nail,nail,Eng,comprehension/production,item_493,
מסמר,Small Household Items,מסמר,nail,Heb,comprehension/production,item_494,
napkin,Small Household Items,napkin,napkin,Eng,comprehension/production,item_495,
מפית,Small Household Items,מפית,napkin,Heb,comprehension/production,item_496,
paper,Small Household Items,paper,paper,Eng,comprehension/production,item_497,
נייר,Small Household Items,נייר,paper,Heb,comprehension/production,item_498,
penny,Small Household Items,penny,penny,universal,comprehension/production,item_499,
picture,Small Household Items,picture,picture,Eng,comprehension/production,item_500,
תמונה,Small Household Items,תמונה,picture,Heb,comprehension/production,item_501,
pillow,Small Household Items,pillow,pillow,Eng,comprehension/production,item_502,
כרית,Small Household Items,כרית,pillow,Heb,comprehension/production,item_503,
plant,Small Household Items,plant,plant,Eng,comprehension/production,item_504,
צמח,Small Household Items,צמח,plant,Heb,comprehension/production,item_505,
plate,Small Household Items,plate,plate,Eng,comprehension/production,item_506,
צלחת_2,Small Household Items,צלחת,plate,Heb,comprehension/production,item_507,
purse,Small Household Items,purse,purse,Eng,comprehension/production,item_508,
ארנק,Small Household Items,ארנק,purse,Heb,comprehension/production,item_509,
radio,Small Household Items,radio,radio,Eng,comprehension/production,item_510,
רדיו,Small Household Items,רדיו,radio,Heb,comprehension/production,item_511,
scissors,Small Household Items,scissors,scissors,Eng,comprehension/production,item_512,
מספריים,Small Household Items,מספריים,scissors,Heb,comprehension/production,item_513,
soap,Small Household Items,soap,soap,Eng,comprehension/production,item_514,
סבון,Small Household Items,סבון,soap,Heb,comprehension/production,item_515,
spoon,Small Household Items,spoon,spoon,Eng,comprehension/production,item_516,
    כפית,Small Household Items,    כפית,spoon,Heb,comprehension/production,item_517,
כף          ,Small Household Items,כף          ,spoon,Heb,comprehension/production,item_518,
tape,Small Household Items,tape,tape,Eng,comprehension/production,item_519,
טייפ/קלטת,Small Household Items,טייפ/קלטת,tape,Heb,comprehension/production,item_520,
telephone,Small Household Items,telephone,telephone,Eng,comprehension/production,item_521,
טלפון,Small Household Items,טלפון,telephone,Heb,comprehension/production,item_522,
tissue/kleenex,Small Household Items,tissue/kleenex,tissue/kleenex,Eng,comprehension/production,item_523,
טישיו/ממחטה,Small Household Items,טישיו/ממחטה,tissue/kleenex,Heb,comprehension/production,item_524,
toothbrush,Small Household Items,toothbrush,toothbrush,Eng,comprehension/production,item_525,
מברשת שיניים,Small Household Items,מברשת שיניים,toothbrush,Heb,comprehension/production,item_526,
towel,Small Household Items,towel,towel,Eng,comprehension/production,item_527,
מגבת,Small Household Items,מגבת,towel,Heb,comprehension/production,item_528,
trash,Small Household Items,trash,trash,Eng,comprehension/production,item_529,
אשפה/זבל_2,Small Household Items,אשפה/זבל,trash,Heb,comprehension/production,item_530,
tray,Small Household Items,tray,tray,Eng,comprehension/production,item_531,
מגש,Small Household Items,מגש,tray,Heb,comprehension/production,item_532,
vacuum,Small Household Items,vacuum,vacuum,Eng,comprehension/production,item_533,
שואב אבק,Small Household Items,שואב אבק,vacuum,Heb,comprehension/production,item_534,
walker,Small Household Items,walker,walker,universal,comprehension/production,item_535,
watch,Small Household Items,watch,watch,Eng,comprehension/production,item_536,
שעון_2,Small Household Items,שעון,watch,Heb,comprehension/production,item_537,
basement,Furniture and Rooms,basement,basement,universal,comprehension/production,item_538,
וילון,Furniture and Rooms,וילון,basement,Heb,comprehension/production,item_539,
bathroom,Furniture and Rooms,bathroom,bathroom,Eng,comprehension/production,item_540,
שירותים/בית שימוש,Furniture and Rooms,שירותים/בית שימוש,bathroom,Heb,comprehension/production,item_541,
כורסה,Furniture and Rooms,כורסה,bathroom,Heb,comprehension/production,item_542,
bathtub,Furniture and Rooms,bathtub,bathtub,Eng,comprehension/production,item_543,
אמבטיה,Furniture and Rooms,אמבטיה,bathtub,Heb,comprehension/production,item_544,
מפה,Furniture and Rooms,מפה,bathtub,Heb,comprehension/production,item_545,
bed,Furniture and Rooms,bed,bed,Eng,comprehension/production,item_546,
מיטה,Furniture and Rooms,מיטה,bed,Heb,comprehension/production,item_547,
שטיח,Furniture and Rooms,שטיח,bed,Heb,comprehension/production,item_548,
bedroom,Furniture and Rooms,bedroom,bedroom,Eng,comprehension/production,item_549,
חדר שינה,Furniture and Rooms,חדר שינה,bedroom,Heb,comprehension/production,item_550,
תריס,Furniture and Rooms,תריס,bedroom,Heb,comprehension/production,item_551,
bench,Furniture and Rooms,bench,bench,Eng,comprehension/production,item_552,
ספסל,Furniture and Rooms,ספסל,bench,Heb,comprehension/production,item_553,
chair,Furniture and Rooms,chair,chair,Eng,comprehension/production,item_554,
כיסא,Furniture and Rooms,כיסא,chair,Heb,comprehension/production,item_555,
closet,Furniture and Rooms,closet,closet,Eng,comprehension/production,item_556,
ארון,Furniture and Rooms,ארון,closet,Heb,comprehension/production,item_557,
couch,Furniture and Rooms,couch,couch,Eng,comprehension/production,item_558,
ספה,Furniture and Rooms,ספה,couch,Heb,comprehension/production,item_559,
crib,Furniture and Rooms,crib,crib,universal,comprehension/production,item_560,
door,Furniture and Rooms,door,door,Eng,comprehension/production,item_561,
דלת,Furniture and Rooms,דלת,door,Heb,comprehension/production,item_562,
drawer,Furniture and Rooms,drawer,drawer,Eng,comprehension/production,item_563,
מגירה,Furniture and Rooms,מגירה,drawer,Heb,comprehension/production,item_564,
dryer,Furniture and Rooms,dryer,dryer,universal,comprehension/production,item_565,
garage,Furniture and Rooms,garage,garage,Eng,comprehension/production,item_566,
חניה/מוסך,Furniture and Rooms,חניה/מוסך,garage,Heb,comprehension/production,item_567,
high chair,Furniture and Rooms,high chair,high chair,universal,comprehension/production,item_568,
kitchen,Furniture and Rooms,kitchen,kitchen,Eng,comprehension/production,item_569,
מטבח,Furniture and Rooms,מטבח,kitchen,Heb,comprehension/production,item_570,
living room,Furniture and Rooms,living room,living room,Eng,comprehension/production,item_571,
סלון,Furniture and Rooms,סלון,living room,Heb,comprehension/production,item_572,
oven,Furniture and Rooms,oven,oven,Eng,comprehension/production,item_573,
תנור,Furniture and Rooms,תנור,oven,Heb,comprehension/production,item_574,
play pen,Furniture and Rooms,play pen,play pen,Eng,comprehension/production,item_575,
לול,Furniture and Rooms,לול,play pen,Heb,comprehension/production,item_576,
porch ,Furniture and Rooms,porch ,porch ,Eng,comprehension/production,item_577,
מרפסת,Furniture and Rooms,מרפסת,porch ,Heb,comprehension/production,item_578,
potty,Furniture and Rooms,potty,potty,Eng,comprehension/production,item_579,
סיר,Furniture and Rooms,סיר,potty,Heb,comprehension/production,item_580,
refrigerator,Furniture and Rooms,refrigerator,refrigerator,Eng,comprehension/production,item_581,
מקרר,Furniture and Rooms,מקרר,refrigerator,Heb,comprehension/production,item_582,
rocking chair,Furniture and Rooms,rocking chair,rocking chair,universal,comprehension/production,item_583,
room,Furniture and Rooms,room,room,Eng,comprehension/production,item_584,
חדר,Furniture and Rooms,חדר,room,Heb,comprehension/production,item_585,
shower,Furniture and Rooms,shower,shower,Eng,comprehension/production,item_586,
טוש/מקלחת,Furniture and Rooms,טוש/מקלחת,shower,Heb,comprehension/production,item_587,
sink,Furniture and Rooms,sink,sink,Eng,comprehension/production,item_588,
כיור,Furniture and Rooms,כיור,sink,Heb,comprehension/production,item_589,
sofa,Furniture and Rooms,sofa,sofa,Eng,comprehension/production,item_590,
ספה_2,Furniture and Rooms,ספה,sofa,Heb,comprehension/production,item_591,
stairs,Furniture and Rooms,stairs,stairs,Eng,comprehension/production,item_592,
מדרגות,Furniture and Rooms,מדרגות,stairs,Heb,comprehension/production,item_593,
stove,Furniture and Rooms,stove,stove,universal,comprehension/production,item_594,
table,Furniture and Rooms,table,table,Eng,comprehension/production,item_595,
שולחן,Furniture and Rooms,שולחן,table,Heb,comprehension/production,item_596,
TV,Furniture and Rooms,TV,TV,Eng,comprehension/production,item_597,
טלוויזיה,Furniture and Rooms,טלוויזיה,TV,Heb,comprehension/production,item_598,
washing machine,Furniture and Rooms,washing machine,washing machine,Eng,comprehension/production,item_599,
מכונת כביסה,Furniture and Rooms,מכונת כביסה,washing machine,Heb,comprehension/production,item_600,
window,Furniture and Rooms,window,window,Eng,comprehension/production,item_601,
חלון,Furniture and Rooms,חלון,window,Heb,comprehension/production,item_602,
backyard,OutsideThings,backyard,backyard,universal,comprehension/production,item_603,
אדמה,OutsideThings,אדמה,backyard,Heb,comprehension/production,item_604,
cloud,OutsideThings,cloud,cloud,Eng,comprehension/production,item_605,
ענן/עננים,OutsideThings,ענן/עננים,cloud,Heb,comprehension/production,item_606,
ברז,OutsideThings,ברז,cloud,Heb,comprehension/production,item_607,
flag,OutsideThings,flag,flag,Eng,comprehension/production,item_608,
דגל,OutsideThings,דגל,flag,Heb,comprehension/production,item_609,
חול,OutsideThings,חול,flag,Heb,comprehension/production,item_610,
flower,OutsideThings,flower,flower,Eng,comprehension/production,item_611,
פרח,OutsideThings,פרח,flower,Heb,comprehension/production,item_612,
כביש,OutsideThings,כביש,flower,Heb,comprehension/production,item_613,
garden ,OutsideThings,garden ,garden ,Eng,comprehension/production,item_614,
חצר/גינה,OutsideThings,חצר/גינה,garden ,Heb,comprehension/production,item_615,
grass,OutsideThings,grass,grass,Eng,comprehension/production,item_616,
דשא,OutsideThings,דשא,grass,Heb,comprehension/production,item_617,
hose,OutsideThings,hose,hose,Eng,comprehension/production,item_618,
צינור,OutsideThings,צינור,hose,Heb,comprehension/production,item_619,
ladder,OutsideThings,ladder,ladder,Eng,comprehension/production,item_620,
סולם,OutsideThings,סולם,ladder,Heb,comprehension/production,item_621,
lawn mower,OutsideThings,lawn mower,lawn mower,universal,comprehension/production,item_622,
moon,OutsideThings,moon,moon,Eng,comprehension/production,item_623,
ירח,OutsideThings,ירח,moon,Heb,comprehension/production,item_624,
pool,OutsideThings,pool,pool,Eng,comprehension/production,item_625,
בריכה,OutsideThings,בריכה,pool,Heb,comprehension/production,item_626,
rain,OutsideThings,rain,rain,Eng,comprehension/production,item_627,
גשם,OutsideThings,גשם,rain,Heb,comprehension/production,item_628,
rock,OutsideThings,rock,rock,Eng,comprehension/production,item_629,
אבן,OutsideThings,אבן,rock,Heb,comprehension/production,item_630,
roof,OutsideThings,roof,roof,Eng,comprehension/production,item_631,
גג,OutsideThings,גג,roof,Heb,comprehension/production,item_632,
sandbox,OutsideThings,sandbox,sandbox,Eng,comprehension/production,item_633,
ארגז חול,OutsideThings,ארגז חול,sandbox,Heb,comprehension/production,item_634,
shovel,OutsideThings,shovel,shovel,Eng,comprehension/production,item_635,
את/מעדר,OutsideThings,את/מעדר,shovel,Heb,comprehension/production,item_636,
sidewalk,OutsideThings,sidewalk,sidewalk,Eng,comprehension/production,item_637,
מדרכה,OutsideThings,מדרכה,sidewalk,Heb,comprehension/production,item_638,
sky,OutsideThings,sky,sky,Eng,comprehension/production,item_639,
שמיים,OutsideThings,שמיים,sky,Heb,comprehension/production,item_640,
slide,OutsideThings,slide,slide,Eng,comprehension/production,item_641,
מגלשה,OutsideThings,מגלשה,slide,Heb,comprehension/production,item_642,
snow,OutsideThings,snow,snow,universal,comprehension/production,item_643,
snowman,OutsideThings,snowman,snowman,universal,comprehension/production,item_644,
sprinkler,OutsideThings,sprinkler,sprinkler,Eng,comprehension/production,item_645,
ממטרה,OutsideThings,ממטרה,sprinkler,Heb,comprehension/production,item_646,
star,OutsideThings,star,star,Eng,comprehension/production,item_647,
כוכב/כוכבים,OutsideThings,כוכב/כוכבים,star,Heb,comprehension/production,item_648,
stick,OutsideThings,stick,stick,Eng,comprehension/production,item_649,
מקל,OutsideThings,מקל,stick,Heb,comprehension/production,item_650,
stone,OutsideThings,stone,stone,Eng,comprehension/production,item_651,
אבן_2,OutsideThings,אבן,stone,Heb,comprehension/production,item_652,
street,OutsideThings,street,street,Eng,comprehension/production,item_653,
רחוב,OutsideThings,רחוב,street,Heb,comprehension/production,item_654,
sun,OutsideThings,sun,sun,Eng,comprehension/production,item_655,
שמש,OutsideThings,שמש,sun,Heb,comprehension/production,item_656,
swing,OutsideThings,swing,swing,Eng,comprehension/production,item_657,
נדנדה,OutsideThings,נדנדה,swing,Heb,comprehension/production,item_658,
tree,OutsideThings,tree,tree,Eng,comprehension/production,item_659,
עץ,OutsideThings,עץ,tree,Heb,comprehension/production,item_660,
water_2,OutsideThings,water,water,universal,comprehension/production,item_661,
wind,OutsideThings,wind,wind,Eng,comprehension/production,item_662,
רוח,OutsideThings,רוח,wind,Heb,comprehension/production,item_663,
beach,Places to Go,beach,beach,Eng,comprehension/production,item_664,
ים/חוף הים,Places to Go,ים/חוף הים,beach,Heb,comprehension/production,item_665,
גן/גן ילדים,Places to Go,גן/גן ילדים,beach,Heb,comprehension/production,item_666,
camping,Places to Go,camping,camping,universal,comprehension/production,item_667,
הר,Places to Go,הר,camping,Heb,comprehension/production,item_668,
church,Places to Go,church,church,Eng,comprehension/production,item_669,
בית כנסת,Places to Go,בית כנסת,church,Heb,comprehension/production,item_670,
מעון/משפחתון/פעוטון,Places to Go,מעון/משפחתון/פעוטון,church,Heb,comprehension/production,item_671,
circus,Places to Go,circus,circus,universal,comprehension/production,item_672,
סופרמרקט/סופר/מכולת,Places to Go,סופרמרקט/סופר/מכולת,circus,Heb,comprehension/production,item_673,
country,Places to Go,country,country,universal,comprehension/production,item_674,
רפת,Places to Go,רפת,country,Heb,comprehension/production,item_675,
downtown,Places to Go,downtown,downtown,universal,comprehension/production,item_676,
תחנת אוטובוס,Places to Go,תחנת אוטובוס,downtown,Heb,comprehension/production,item_677,
farm,Places to Go,farm,farm,universal,comprehension/production,item_678,
gas station,Places to Go,gas station,gas station,Eng,comprehension/production,item_679,
תחנת דלק,Places to Go,תחנת דלק,gas station,Heb,comprehension/production,item_680,
home,Places to Go,home,home,Eng,comprehension/production,item_681,
בית/הביתה,Places to Go,בית/הביתה,home,Heb,comprehension/production,item_682,
house,Places to Go,house,house,Eng,comprehension/production,item_683,
בית/הביתה_2,Places to Go,בית/הביתה,house,Heb,comprehension/production,item_684,
movie,Places to Go,movie,movie,Eng,comprehension/production,item_685,
סרט,Places to Go,סרט,movie,Heb,comprehension/production,item_686,
outside,Places to Go,outside,outside,universal,comprehension/production,item_687,
park,Places to Go,park,park,Eng,comprehension/production,item_688,
גינה/פארק,Places to Go,גינה/פארק,park,Heb,comprehension/production,item_689,
party,Places to Go,party,party,Eng,comprehension/production,item_690,
מסיבה,Places to Go,מסיבה,party,Heb,comprehension/production,item_691,
picnic,Places to Go,picnic,picnic,Eng,comprehension/production,item_692,
פיקניק,Places to Go,פיקניק,picnic,Heb,comprehension/production,item_693,
playground,Places to Go,playground,playground,Eng,comprehension/production,item_694,
גן שעשועים/מגרש משחקים,Places to Go,גן שעשועים/מגרש משחקים,playground,Heb,comprehension/production,item_695,
school,Places to Go,school,school,universal,comprehension/production,item_696,
store,Places to Go,store,store,Eng,comprehension/production,item_697,
חנות,Places to Go,חנות,store,Heb,comprehension/production,item_698,
woods,Places to Go,woods,woods,Eng,comprehension/production,item_699,
חורשה,Places to Go,חורשה,woods,Heb,comprehension/production,item_700,
work,Places to Go,work,work,Eng,comprehension/production,item_701,
עבודה,Places to Go,עבודה,work,Heb,comprehension/production,item_702,
yard,Places to Go,yard,yard,universal,comprehension/production,item_703,
zoo,Places to Go,zoo,zoo,Eng,comprehension/production,item_704,
גן חיות,Places to Go,גן חיות,zoo,Heb,comprehension/production,item_705,
aunt,People,aunt,aunt,Eng,comprehension/production,item_706,
דודה,People,דודה,aunt,Heb,comprehension/production,item_707,
מטפלת,People,מטפלת,aunt,Heb,comprehension/production,item_708,
baby,People,baby,baby,Eng,comprehension/production,item_709,
תינוק,People,תינוק,baby,Heb,comprehension/production,item_710,
babysitter,People,babysitter,babysitter,Eng,comprehension/production,item_711,
שמרטף/בייביסיטר,People,שמרטף/בייביסיטר,babysitter,Heb,comprehension/production,item_712,
babysitter's name,People,babysitter's name,babysitter's name,universal,comprehension/production,item_713,
boy,People,boy,boy,Eng,comprehension/production,item_714,
ילד,People,ילד,boy,Heb,comprehension/production,item_715,
brother,People,brother,brother,Eng,comprehension/production,item_716,
אח/אחות,People,אח/אחות,brother,Heb,comprehension/production,item_717,
child,People,child,child,Eng,comprehension/production,item_718,
ילד   -       ילדה,People,ילד   -       ילדה,child,Heb,comprehension/production,item_719,
clown,People,clown,clown,universal,comprehension/production,item_720,
cowboy,People,cowboy,cowboy,universal,comprehension/production,item_721,
daddy,People,daddy,daddy,universal,comprehension/production,item_722,
doctor,People,doctor,doctor,Eng,comprehension/production,item_723,
רופא,People,רופא,doctor,Heb,comprehension/production,item_724,
fireman,People,fireman,fireman,Eng,comprehension/production,item_725,
כבאי,People,כבאי,fireman,Heb,comprehension/production,item_726,
friend,People,friend,friend,Eng,comprehension/production,item_727,
חבר,People,חבר,friend,Heb,comprehension/production,item_728,
girl,People,girl,girl,Eng,comprehension/production,item_729,
ילדה,People,ילדה,girl,Heb,comprehension/production,item_730,
grandma,People,grandma,grandma,Eng,comprehension/production,item_731,
סבתא,People,סבתא,grandma,Heb,comprehension/production,item_732,
grandpa,People,grandpa,grandpa,Eng,comprehension/production,item_733,
סבא,People,סבא,grandpa,Heb,comprehension/production,item_734,
lady,People,lady,lady,universal,comprehension/production,item_735,
mailman,People,mailman,mailman,Eng,comprehension/production,item_736,
דוור,People,דוור,mailman,Heb,comprehension/production,item_737,
man,People,man,man,Eng,comprehension/production,item_738,
איש/אנשים,People,איש/אנשים,man,Heb,comprehension/production,item_739,
mommy,People,mommy,mommy,universal,comprehension/production,item_740,
nurse,People,nurse,nurse,universal,comprehension/production,item_741,
child's own name,People,child's own name,child's own name,universal,comprehension/production,item_742,
people,People,people,people,Eng,comprehension/production,item_743,
איש/אנשים_2,People,איש/אנשים,people,Heb,comprehension/production,item_744,
person,People,person,person,Eng,comprehension/production,item_745,
איש/אנשים_2_2,People,איש/אנשים,person,Heb,comprehension/production,item_746,
pet's name,People,pet's name,pet's name,universal,comprehension/production,item_747,
police,People,police,police,Eng,comprehension/production,item_748,
שוטר,People,שוטר,police,Heb,comprehension/production,item_749,
sister,People,sister,sister,Eng,comprehension/production,item_750,
אח/אחות_2,People,אח/אחות,sister,Heb,comprehension/production,item_751,
teacher,People,teacher,teacher,Eng,comprehension/production,item_752,
גננת/מורה,People,גננת/מורה,teacher,Heb,comprehension/production,item_753,
uncle,People,uncle,uncle,Eng,comprehension/production,item_754,
דוד,People,דוד,uncle,Heb,comprehension/production,item_755,
bath,Game and Routines,bath,bath,Eng,comprehension/production,item_756,
לעשות אמבטיה,Game and Routines,לעשות אמבטיה,bath,Heb,comprehension/production,item_757,
אין,Game and Routines,אין,bath,Heb,comprehension/production,item_758,
breakfast,Game and Routines,breakfast,breakfast,universal,comprehension/production,item_759,
אני רוצה,Game and Routines,אני רוצה,breakfast,Heb,comprehension/production,item_760,
bye,Game and Routines,bye,bye,Eng,comprehension/production,item_761,
ביי/להתראות,Game and Routines,ביי/להתראות,bye,Heb,comprehension/production,item_762,
בוקר טוב,Game and Routines,בוקר טוב,bye,Heb,comprehension/production,item_763,
call (on phone),Game and Routines,call (on phone),call (on phone),Eng,comprehension/production,item_764,
לדבר בטלפון,Game and Routines,לדבר בטלפון,call (on phone),Heb,comprehension/production,item_765,
די,Game and Routines,די,call (on phone),Heb,comprehension/production,item_766,
dinner,Game and Routines,dinner,dinner,universal,comprehension/production,item_767,
יכול,Game and Routines,יכול,dinner,Heb,comprehension/production,item_768,
give me five!,Game and Routines,give me five!,give me five!,Eng,comprehension/production,item_769,
כיף/ תן כפה,Game and Routines,כיף/ תן כפה,give me five!,Heb,comprehension/production,item_770,
יש לי/שלי,Game and Routines,יש לי/שלי,give me five!,Heb,comprehension/production,item_771,
gonna get you!,Game and Routines,gonna get you!,gonna get you!,Eng,comprehension/production,item_772,
לשחק תופסת,Game and Routines,לשחק תופסת,gonna get you!,Heb,comprehension/production,item_773,
כואב לי,Game and Routines,כואב לי,gonna get you!,Heb,comprehension/production,item_774,
go potty,Game and Routines,go potty,go potty,Eng,comprehension/production,item_775,
לעשות פיפי בסיר,Game and Routines,לעשות פיפי בסיר,go potty,Heb,comprehension/production,item_776,
כועס,Game and Routines,כועס,go potty,Heb,comprehension/production,item_777,
hi,Game and Routines,hi,hi,Eng,comprehension/production,item_778,
היי/שלום/אהלן,Game and Routines,היי/שלום/אהלן,hi,Heb,comprehension/production,item_779,
ללכת לאכול,Game and Routines,ללכת לאכול,hi,Heb,comprehension/production,item_780,
hello,Game and Routines,hello,hello,Eng,comprehension/production,item_781,
היי/שלום/אהלן_2,Game and Routines,היי/שלום/אהלן,hello,Heb,comprehension/production,item_782,
ללכת לטייל,Game and Routines,ללכת לטייל,hello,Heb,comprehension/production,item_783,
lunch,Game and Routines,lunch,lunch,universal,comprehension/production,item_784,
ללכת לישון,Game and Routines,ללכת לישון,lunch,Heb,comprehension/production,item_785,
nap,Game and Routines,nap,nap,universal,comprehension/production,item_786,
לעשות כאילו,Game and Routines,לעשות כאילו,nap,Heb,comprehension/production,item_787,
night night,Game and Routines,night night,night night,Eng,comprehension/production,item_788,
לילה טוב,Game and Routines,לילה טוב,night night,Heb,comprehension/production,item_789,
מחא כפיים,Game and Routines,מחא כפיים,night night,Heb,comprehension/production,item_790,
no,Game and Routines,no,no,Eng,comprehension/production,item_791,
לא,Game and Routines,לא,no,Heb,comprehension/production,item_792,
עוד,Game and Routines,עוד,no,Heb,comprehension/production,item_793,
patty cake,Game and Routines,patty cake,patty cake,universal,comprehension/production,item_794,
עשר אצבעות לי,Game and Routines,עשר אצבעות לי,patty cake,Heb,comprehension/production,item_795,
peekaboo,Game and Routines,peekaboo,peekaboo,Eng,comprehension/production,item_796,
"לשחק ב""קוקו""",Game and Routines,"לשחק ב""קוקו""",peekaboo,Heb,comprehension/production,item_797,
צריך ,Game and Routines,צריך ,peekaboo,Heb,comprehension/production,item_798,
please,Game and Routines,please,please,Eng,comprehension/production,item_799,
בבקשה,Game and Routines,בבקשה,please,Heb,comprehension/production,item_800,
תן לי,Game and Routines,תן לי,please,Heb,comprehension/production,item_801,
shh/shush/hush,Game and Routines,shh/shush/hush,shh/shush/hush,universal,comprehension/production,item_802,
shopping,Game and Routines,shopping,shopping,universal,comprehension/production,item_803,
snack,Game and Routines,snack,snack,universal,comprehension/production,item_804,
so big!,Game and Routines,so big!,so big!,universal,comprehension/production,item_805,
thank you,Game and Routines,thank you,thank you,Eng,comprehension/production,item_806,
תודה,Game and Routines,תודה,thank you,Heb,comprehension/production,item_807,
this little piggy,Game and Routines,this little piggy,this little piggy,universal,comprehension/production,item_808,
turn around,Game and Routines,turn around,turn around,universal,comprehension/production,item_809,
yes,Game and Routines,yes,yes,Eng,comprehension/production,item_810,
כן,Game and Routines,כן,yes,Heb,comprehension/production,item_811,
bite ,Action Words,bite ,bite ,Eng,comprehension/production,item_812,
לנשוך,Action Words,לנשוך,bite ,Heb,comprehension/production,item_813,
לברך,Action Words,לברך,bite ,Heb,comprehension/production,item_814,
blow,Action Words,blow,blow,Eng,comprehension/production,item_815,
לנשוף,Action Words,לנשוף,blow,Heb,comprehension/production,item_816,
להבריש,Action Words,להבריש,blow,Heb,comprehension/production,item_817,
break,Action Words,break,break,Eng,comprehension/production,item_818,
לשבור,Action Words,לשבור,break,Heb,comprehension/production,item_819,
להדליק,Action Words,להדליק,break,Heb,comprehension/production,item_820,
bring,Action Words,bring,bring,Eng,comprehension/production,item_821,
להביא,Action Words,להביא,bring,Heb,comprehension/production,item_822,
להוריד,Action Words,להוריד,bring,Heb,comprehension/production,item_823,
build,Action Words,build,build,Eng,comprehension/production,item_824,
לבנות,Action Words,לבנות,build,Heb,comprehension/production,item_825,
להחליף,Action Words,להחליף,build,Heb,comprehension/production,item_826,
bump,Action Words,bump,bump,universal,comprehension/production,item_827,
להסתובב,Action Words,להסתובב,bump,Heb,comprehension/production,item_828,
buy,Action Words,buy,buy,Eng,comprehension/production,item_829,
לקנות,Action Words,לקנות,buy,Heb,comprehension/production,item_830,
לחפש,Action Words,לחפש,buy,Heb,comprehension/production,item_831,
carry,Action Words,carry,carry,universal,comprehension/production,item_832,
לכבות,Action Words,לכבות,carry,Heb,comprehension/production,item_833,
catch,Action Words,catch,catch,Eng,comprehension/production,item_834,
לתפוס,Action Words,לתפוס,catch,Heb,comprehension/production,item_835,
לנוח,Action Words,לנוח,catch,Heb,comprehension/production,item_836,
chase,Action Words,chase,chase,Eng,comprehension/production,item_837,
לרדוף,Action Words,לרדוף,chase,Heb,comprehension/production,item_838,
לנעול,Action Words,לנעול,chase,Heb,comprehension/production,item_839,
clap,Action Words,clap,clap,universal,comprehension/production,item_840,
לסרק,Action Words,לסרק,clap,Heb,comprehension/production,item_841,
clean,Action Words,clean,clean,Eng,comprehension/production,item_842,
לנקות,Action Words,לנקות,clean,Heb,comprehension/production,item_843,
לספר,Action Words,לספר,clean,Heb,comprehension/production,item_844,
climb,Action Words,climb,climb,Eng,comprehension/production,item_845,
לטפס,Action Words,לטפס,climb,Heb,comprehension/production,item_846,
לסתום,Action Words,לסתום,climb,Heb,comprehension/production,item_847,
close,Action Words,close,close,Eng,comprehension/production,item_848,
לסגור,Action Words,לסגור,close,Heb,comprehension/production,item_849,
לצאת,Action Words,לצאת,close,Heb,comprehension/production,item_850,
cook,Action Words,cook,cook,universal,comprehension/production,item_851,
לרדת,Action Words,לרדת,cook,Heb,comprehension/production,item_852,
cover,Action Words,cover,cover,Eng,comprehension/production,item_853,
לכסות,Action Words,לכסות,cover,Heb,comprehension/production,item_854,
לקום,Action Words,לקום,cover,Heb,comprehension/production,item_855,
cry,Action Words,cry,cry,Eng,comprehension/production,item_856,
לבכות,Action Words,לבכות,cry,Heb,comprehension/production,item_857,
cut,Action Words,cut,cut,Eng,comprehension/production,item_858,
לגזור,Action Words,לגזור,cut,Heb,comprehension/production,item_859,
לחתוך,Action Words,לחתוך,cut,Heb,comprehension/production,item_860,
dance,Action Words,dance,dance,Eng,comprehension/production,item_861,
לרקוד,Action Words,לרקוד,dance,Heb,comprehension/production,item_862,
draw,Action Words,draw,draw,Eng,comprehension/production,item_863,
לצייר,Action Words,לצייר,draw,Heb,comprehension/production,item_864,
drink_2,Action Words,drink,drink,Eng,comprehension/production,item_865,
לשתות,Action Words,לשתות,drink,Heb,comprehension/production,item_866,
drive,Action Words,drive,drive,Eng,comprehension/production,item_867,
לנהוג,Action Words,לנהוג,drive,Heb,comprehension/production,item_868,
drop,Action Words,drop,drop,Eng,comprehension/production,item_869,
להפיל,Action Words,להפיל,drop,Heb,comprehension/production,item_870,
dry,Action Words,dry,dry,Eng,comprehension/production,item_871,
לייבש,Action Words,לייבש,dry,Heb,comprehension/production,item_872,
dump,Action Words,dump,dump,Eng,comprehension/production,item_873,
לזרוק,Action Words,לזרוק,dump,Heb,comprehension/production,item_874,
eat,Action Words,eat,eat,Eng,comprehension/production,item_875,
לאכול,Action Words,לאכול,eat,Heb,comprehension/production,item_876,
fall,Action Words,fall,fall,Eng,comprehension/production,item_877,
ליפול,Action Words,ליפול,fall,Heb,comprehension/production,item_878,
feed,Action Words,feed,feed,Eng,comprehension/production,item_879,
להאכיל,Action Words,להאכיל,feed,Heb,comprehension/production,item_880,
find,Action Words,find,find,Eng,comprehension/production,item_881,
למצוא,Action Words,למצוא,find,Heb,comprehension/production,item_882,
finish,Action Words,finish,finish,Eng,comprehension/production,item_883,
לגמור,Action Words,לגמור,finish,Heb,comprehension/production,item_884,
fit,Action Words,fit,fit,Eng,comprehension/production,item_885,
להתאים,Action Words,להתאים,fit,Heb,comprehension/production,item_886,
fix,Action Words,fix,fix,Eng,comprehension/production,item_887,
לתקן,Action Words,לתקן,fix,Heb,comprehension/production,item_888,
get,Action Words,get,get,universal,comprehension/production,item_889,
give,Action Words,give,give,universal,comprehension/production,item_890,
go,Action Words,go,go,Eng,comprehension/production,item_891,
ללכת,Action Words,ללכת,go,Heb,comprehension/production,item_892,
hate,Action Words,hate,hate,Eng,comprehension/production,item_893,
לשנוא,Action Words,לשנוא,hate,Heb,comprehension/production,item_894,
have,Action Words,have,have,universal,comprehension/production,item_895,
hear,Action Words,hear,hear,Eng,comprehension/production,item_896,
לשמוע,Action Words,לשמוע,hear,Heb,comprehension/production,item_897,
help,Action Words,help,help,Eng,comprehension/production,item_898,
לעזור,Action Words,לעזור,help,Heb,comprehension/production,item_899,
hide,Action Words,hide,hide,Eng,comprehension/production,item_900,
להחביא,Action Words,להחביא,hide,Heb,comprehension/production,item_901,
להתחבא,Action Words,להתחבא,hide,Heb,comprehension/production,item_902,
hit,Action Words,hit,hit,Eng,comprehension/production,item_903,
להכות/להרביץ,Action Words,להכות/להרביץ,hit,Heb,comprehension/production,item_904,
hold,Action Words,hold,hold,Eng,comprehension/production,item_905,
להחזיק,Action Words,להחזיק,hold,Heb,comprehension/production,item_906,
hug,Action Words,hug,hug,Eng,comprehension/production,item_907,
לחבק,Action Words,לחבק,hug,Heb,comprehension/production,item_908,
hurry,Action Words,hurry,hurry,Eng,comprehension/production,item_909,
למהר,Action Words,למהר,hurry,Heb,comprehension/production,item_910,
jump,Action Words,jump,jump,Eng,comprehension/production,item_911,
לקפוץ,Action Words,לקפוץ,jump,Heb,comprehension/production,item_912,
kick,Action Words,kick,kick,Eng,comprehension/production,item_913,
לבעוט,Action Words,לבעוט,kick,Heb,comprehension/production,item_914,
kiss,Action Words,kiss,kiss,Eng,comprehension/production,item_915,
לנשק,Action Words,לנשק,kiss,Heb,comprehension/production,item_916,
knock,Action Words,knock,knock,Eng,comprehension/production,item_917,
לדפוק,Action Words,לדפוק,knock,Heb,comprehension/production,item_918,
lick,Action Words,lick,lick,Eng,comprehension/production,item_919,
ללקק,Action Words,ללקק,lick,Heb,comprehension/production,item_920,
like,Action Words,like,like,Eng,comprehension/production,item_921,
לחבב,Action Words,לחבב,like,Heb,comprehension/production,item_922,
listen,Action Words,listen,listen,Eng,comprehension/production,item_923,
להקשיב,Action Words,להקשיב,listen,Heb,comprehension/production,item_924,
look,Action Words,look,look,Eng,comprehension/production,item_925,
להסתכל,Action Words,להסתכל,look,Heb,comprehension/production,item_926,
love,Action Words,love,love,Eng,comprehension/production,item_927,
לאהוב,Action Words,לאהוב,love,Heb,comprehension/production,item_928,
make,Action Words,make,make,Eng,comprehension/production,item_929,
לעשות,Action Words,לעשות,make,Heb,comprehension/production,item_930,
open,Action Words,open,open,Eng,comprehension/production,item_931,
לפתוח,Action Words,לפתוח,open,Heb,comprehension/production,item_932,
paint,Action Words,paint,paint,Eng,comprehension/production,item_933,
לצבוע,Action Words,לצבוע,paint,Heb,comprehension/production,item_934,
pick,Action Words,pick,pick,Eng,comprehension/production,item_935,
לבחור,Action Words,לבחור,pick,Heb,comprehension/production,item_936,
play,Action Words,play,play,Eng,comprehension/production,item_937,
לשחק,Action Words,לשחק,play,Heb,comprehension/production,item_938,
"מופיע פעמיים בעברית! בינתיים לא שיניתי כלום, האם להוריד את הסך הכללי?",Action Words,"מופיע פעמיים בעברית! בינתיים לא שיניתי כלום, האם להוריד את הסך הכללי?",play,Heb,comprehension/production,item_939,
pour,Action Words,pour,pour,Eng,comprehension/production,item_940,
למזוג,Action Words,למזוג,pour,Heb,comprehension/production,item_941,
pretend,Action Words,pretend,pretend,universal,comprehension/production,item_942,
pull,Action Words,pull,pull,Eng,comprehension/production,item_943,
למשוך,Action Words,למשוך,pull,Heb,comprehension/production,item_944,
push,Action Words,push,push,Eng,comprehension/production,item_945,
לדחוף,Action Words,לדחוף,push,Heb,comprehension/production,item_946,
put,Action Words,put,put,Eng,comprehension/production,item_947,
לשים,Action Words,לשים,put,Heb,comprehension/production,item_948,
read,Action Words,read,read,Eng,comprehension/production,item_949,
לקרוא,Action Words,לקרוא,read,Heb,comprehension/production,item_950,
ride,Action Words,ride,ride,Eng,comprehension/production,item_951,
לרכב,Action Words,לרכב,ride,Heb,comprehension/production,item_952,
rip,Action Words,rip,rip,Eng,comprehension/production,item_953,
לקרוע,Action Words,לקרוע,rip,Heb,comprehension/production,item_954,
run,Action Words,run,run,Eng,comprehension/production,item_955,
לרוץ,Action Words,לרוץ,run,Heb,comprehension/production,item_956,
say,Action Words,say,say,Eng,comprehension/production,item_957,
להגיד,Action Words,להגיד,say,Heb,comprehension/production,item_958,
see,Action Words,see,see,Eng,comprehension/production,item_959,
לראות/להראות,Action Words,לראות/להראות,see,Heb,comprehension/production,item_960,
shake,Action Words,shake,shake,universal,comprehension/production,item_961,
share,Action Words,share,share,universal,comprehension/production,item_962,
show,Action Words,show,show,Eng,comprehension/production,item_963,
לראות/להראות_2,Action Words,לראות/להראות,show,Heb,comprehension/production,item_964,
sing,Action Words,sing,sing,Eng,comprehension/production,item_965,
לשיר,Action Words,לשיר,sing,Heb,comprehension/production,item_966,
sit,Action Words,sit,sit,Eng,comprehension/production,item_967,
לשבת,Action Words,לשבת,sit,Heb,comprehension/production,item_968,
skate,Action Words,skate,skate,universal,comprehension/production,item_969,
sleep,Action Words,sleep,sleep,universal,comprehension/production,item_970,
slide_2,Action Words,slide,slide,universal,comprehension/production,item_971,
smile,Action Words,smile,smile,Eng,comprehension/production,item_972,
לחייך,Action Words,לחייך,smile,Heb,comprehension/production,item_973,
spill,Action Words,spill,spill,Eng,comprehension/production,item_974,
לשפוך,Action Words,לשפוך,spill,Heb,comprehension/production,item_975,
splash,Action Words,splash,splash,Eng,comprehension/production,item_976,
להתיז/להשפריץ,Action Words,להתיז/להשפריץ,splash,Heb,comprehension/production,item_977,
stand,Action Words,stand,stand,Eng,comprehension/production,item_978,
לעמוד,Action Words,לעמוד,stand,Heb,comprehension/production,item_979,
stay,Action Words,stay,stay,Eng,comprehension/production,item_980,
להשאר,Action Words,להשאר,stay,Heb,comprehension/production,item_981,
stop,Action Words,stop,stop,Eng,comprehension/production,item_982,
לעצור,Action Words,לעצור,stop,Heb,comprehension/production,item_983,
sweep,Action Words,sweep,sweep,Eng,comprehension/production,item_984,
לטאטא,Action Words,לטאטא,sweep,Heb,comprehension/production,item_985,
swim,Action Words,swim,swim,Eng,comprehension/production,item_986,
לשחות,Action Words,לשחות,swim,Heb,comprehension/production,item_987,
swing_2,Action Words,swing,swing,Eng,comprehension/production,item_988,
להתנדנד,Action Words,להתנדנד,swing,Heb,comprehension/production,item_989,
take,Action Words,take,take,Eng,comprehension/production,item_990,
לקחת,Action Words,לקחת,take,Heb,comprehension/production,item_991,
talk,Action Words,talk,talk,Eng,comprehension/production,item_992,
לדבר,Action Words,לדבר,talk,Heb,comprehension/production,item_993,
taste,Action Words,taste,taste,Eng,comprehension/production,item_994,
לטעום,Action Words,לטעום,taste,Heb,comprehension/production,item_995,
tear,Action Words,tear,tear,Eng,comprehension/production,item_996,
לקרוע_2,Action Words,לקרוע,tear,Heb,comprehension/production,item_997,
think,Action Words,think,think,universal,comprehension/production,item_998,
throw,Action Words,throw,throw,Eng,comprehension/production,item_999,
לזרוק_2,Action Words,לזרוק,throw,Heb,comprehension/production,item_1000,
tickle,Action Words,tickle,tickle,Eng,comprehension/production,item_1001,
לדגדג,Action Words,לדגדג,tickle,Heb,comprehension/production,item_1002,
touch,Action Words,touch,touch,Eng,comprehension/production,item_1003,
לגעת,Action Words,לגעת,touch,Heb,comprehension/production,item_1004,
wait,Action Words,wait,wait,Eng,comprehension/production,item_1005,
לחכות,Action Words,לחכות,wait,Heb,comprehension/production,item_1006,
wake,Action Words,wake,wake,Eng,comprehension/production,item_1007,
להעיר,Action Words,להעיר,wake,Heb,comprehension/production,item_1008,
walk,Action Words,walk,walk,Eng,comprehension/production,item_1009,
ללכת_2,Action Words,ללכת,walk,Heb,comprehension/production,item_1010,
wash,Action Words,wash,wash,Eng,comprehension/production,item_1011,
לרחוץ/לשטוף,Action Words,לרחוץ/לשטוף,wash,Heb,comprehension/production,item_1012,
watch_2,Action Words,watch,watch,Eng,comprehension/production,item_1013,
לשמור,Action Words,לשמור,watch,Heb,comprehension/production,item_1014,
wipe,Action Words,wipe,wipe,Eng,comprehension/production,item_1015,
לנגב,Action Words,לנגב,wipe,Heb,comprehension/production,item_1016,
wish,Action Words,wish,wish,universal,comprehension/production,item_1017,
work_2,Action Words,work,work,Eng,comprehension/production,item_1018,
לעבוד,Action Words,לעבוד,work,Heb,comprehension/production,item_1019,
write,Action Words,write,write,Eng,comprehension/production,item_1020,
לכתוב,Action Words,לכתוב,write,Heb,comprehension/production,item_1021,
allgone,Descriptive Words,allgone,allgone,universal,comprehension/production,item_1022,
חזק,Descriptive Words,חזק,allgone,Heb,comprehension/production,item_1023,
asleep,Descriptive Words,asleep,asleep,Eng,comprehension/production,item_1024,
ישן,Descriptive Words,ישן,asleep,Heb,comprehension/production,item_1025,
טעים,Descriptive Words,טעים,asleep,Heb,comprehension/production,item_1026,
awake,Descriptive Words,awake,awake,universal,comprehension/production,item_1027,
מכוער,Descriptive Words,מכוער,awake,Heb,comprehension/production,item_1028,
bad,Descriptive Words,bad,bad,Eng,comprehension/production,item_1029,
רע,Descriptive Words,רע,bad,Heb,comprehension/production,item_1030,
מלוח,Descriptive Words,מלוח,bad,Heb,comprehension/production,item_1031,
better,Descriptive Words,better,better,universal,comprehension/production,item_1032,
מצויין,Descriptive Words,מצויין,better,Heb,comprehension/production,item_1033,
big,Descriptive Words,big,big,Eng,comprehension/production,item_1034,
גדול,Descriptive Words,גדול,big,Heb,comprehension/production,item_1035,
מתוק,Descriptive Words,מתוק,big,Heb,comprehension/production,item_1036,
black,Descriptive Words,black,black,universal,comprehension/production,item_1037,
נמוך,Descriptive Words,נמוך,black,Heb,comprehension/production,item_1038,
blue,Descriptive Words,blue,blue,universal,comprehension/production,item_1039,
קצר,Descriptive Words,קצר,blue,Heb,comprehension/production,item_1040,
broken,Descriptive Words,broken,broken,Eng,comprehension/production,item_1041,
מקולקל,Descriptive Words,מקולקל,broken,Heb,comprehension/production,item_1042,
שבור,Descriptive Words,שבור,broken,Heb,comprehension/production,item_1043,
רזה,Descriptive Words,רזה,broken,Heb,comprehension/production,item_1044,
brown,Descriptive Words,brown,brown,universal,comprehension/production,item_1045,
שמן,Descriptive Words,שמן,brown,Heb,comprehension/production,item_1046,
careful,Descriptive Words,careful,careful,Eng,comprehension/production,item_1047,
זהיר,Descriptive Words,זהיר,careful,Heb,comprehension/production,item_1048,
clean_2,Descriptive Words,clean,clean,Eng,comprehension/production,item_1049,
נקי,Descriptive Words,נקי,clean,Heb,comprehension/production,item_1050,
cold,Descriptive Words,cold,cold,Eng,comprehension/production,item_1051,
קר,Descriptive Words,קר,cold,Heb,comprehension/production,item_1052,
cute,Descriptive Words,cute,cute,Eng,comprehension/production,item_1053,
חמוד,Descriptive Words,חמוד,cute,Heb,comprehension/production,item_1054,
dark,Descriptive Words,dark,dark,Eng,comprehension/production,item_1055,
חושך,Descriptive Words,חושך,dark,Heb,comprehension/production,item_1056,
dirty,Descriptive Words,dirty,dirty,Eng,comprehension/production,item_1057,
מלוכלך,Descriptive Words,מלוכלך,dirty,Heb,comprehension/production,item_1058,
dry_2,Descriptive Words,dry,dry,Eng,comprehension/production,item_1059,
יבש,Descriptive Words,יבש,dry,Heb,comprehension/production,item_1060,
empty,Descriptive Words,empty,empty,Eng,comprehension/production,item_1061,
ריק,Descriptive Words,ריק,empty,Heb,comprehension/production,item_1062,
fast,Descriptive Words,fast,fast,universal,comprehension/production,item_1063,
fine,Descriptive Words,fine,fine,universal,comprehension/production,item_1064,
first,Descriptive Words,first,first,universal,comprehension/production,item_1065,
full,Descriptive Words,full,full,Eng,comprehension/production,item_1066,
מלא,Descriptive Words,מלא,full,Heb,comprehension/production,item_1067,
gentle,Descriptive Words,gentle,gentle,universal,comprehension/production,item_1068,
good,Descriptive Words,good,good,Eng,comprehension/production,item_1069,
טוב,Descriptive Words,טוב,good,Heb,comprehension/production,item_1070,
green,Descriptive Words,green,green,universal,comprehension/production,item_1071,
happy,Descriptive Words,happy,happy,Eng,comprehension/production,item_1072,
שמח,Descriptive Words,שמח,happy,Heb,comprehension/production,item_1073,
hard,Descriptive Words,hard,hard,Eng,comprehension/production,item_1074,
קשה,Descriptive Words,קשה,hard,Heb,comprehension/production,item_1075,
heavy,Descriptive Words,heavy,heavy,Eng,comprehension/production,item_1076,
כבד,Descriptive Words,כבד,heavy,Heb,comprehension/production,item_1077,
high,Descriptive Words,high,high,Eng,comprehension/production,item_1078,
גבוה,Descriptive Words,גבוה,high,Heb,comprehension/production,item_1079,
hot,Descriptive Words,hot,hot,Eng,comprehension/production,item_1080,
חם,Descriptive Words,חם,hot,Heb,comprehension/production,item_1081,
hungry,Descriptive Words,hungry,hungry,Eng,comprehension/production,item_1082,
רעב,Descriptive Words,רעב,hungry,Heb,comprehension/production,item_1083,
hurt,Descriptive Words,hurt,hurt,universal,comprehension/production,item_1084,
last,Descriptive Words,last,last,Eng,comprehension/production,item_1085,
אחרון,Descriptive Words,אחרון,last,Heb,comprehension/production,item_1086,
little,Descriptive Words,little,little,Eng,comprehension/production,item_1087,
קטן,Descriptive Words,קטן,little,Heb,comprehension/production,item_1088,
long,Descriptive Words,long,long,Eng,comprehension/production,item_1089,
ארוך,Descriptive Words,ארוך,long,Heb,comprehension/production,item_1090,
loud,Descriptive Words,loud,loud,universal,comprehension/production,item_1091,
mad,Descriptive Words,mad,mad,universal,comprehension/production,item_1092,
naughty,Descriptive Words,naughty,naughty,Eng,comprehension/production,item_1093,
שובב,Descriptive Words,שובב,naughty,Heb,comprehension/production,item_1094,
new,Descriptive Words,new,new,Eng,comprehension/production,item_1095,
חדש,Descriptive Words,חדש,new,Heb,comprehension/production,item_1096,
nice,Descriptive Words,nice,nice,Eng,comprehension/production,item_1097,
נחמד,Descriptive Words,נחמד,nice,Heb,comprehension/production,item_1098,
noisy ,Descriptive Words,noisy ,noisy ,universal,comprehension/production,item_1099,
old,Descriptive Words,old,old,Eng,comprehension/production,item_1100,
זקן ,Descriptive Words,זקן ,old,Heb,comprehension/production,item_1101,
orange_2,Descriptive Words,orange,orange,universal,comprehension/production,item_1102,
poor,Descriptive Words,poor,poor,universal,comprehension/production,item_1103,
pretty,Descriptive Words,pretty,pretty,Eng,comprehension/production,item_1104,
יפה,Descriptive Words,יפה,pretty,Heb,comprehension/production,item_1105,
quiet,Descriptive Words,quiet,quiet,Eng,comprehension/production,item_1106,
שקט,Descriptive Words,שקט,quiet,Heb,comprehension/production,item_1107,
red,Descriptive Words,red,red,universal,comprehension/production,item_1108,
sad,Descriptive Words,sad,sad,Eng,comprehension/production,item_1109,
עצוב,Descriptive Words,עצוב,sad,Heb,comprehension/production,item_1110,
scared,Descriptive Words,scared,scared,universal,comprehension/production,item_1111,
sick,Descriptive Words,sick,sick,Eng,comprehension/production,item_1112,
חולה,Descriptive Words,חולה,sick,Heb,comprehension/production,item_1113,
sleepy,Descriptive Words,sleepy,sleepy,universal,comprehension/production,item_1114,
slow,Descriptive Words,slow,slow,universal,comprehension/production,item_1115,
soft,Descriptive Words,soft,soft,universal,comprehension/production,item_1116,
sticky,Descriptive Words,sticky,sticky,universal,comprehension/production,item_1117,
stuck,Descriptive Words,stuck,stuck,universal,comprehension/production,item_1118,
thirsty,Descriptive Words,thirsty,thirsty,Eng,comprehension/production,item_1119,
צמא,Descriptive Words,צמא,thirsty,Heb,comprehension/production,item_1120,
tiny,Descriptive Words,tiny,tiny,universal,comprehension/production,item_1121,
tired,Descriptive Words,tired,tired,Eng,comprehension/production,item_1122,
עייף,Descriptive Words,עייף,tired,Heb,comprehension/production,item_1123,
wet,Descriptive Words,wet,wet,Eng,comprehension/production,item_1124,
רטוב,Descriptive Words,רטוב,wet,Heb,comprehension/production,item_1125,
white,Descriptive Words,white,white,universal,comprehension/production,item_1126,
windy,Descriptive Words,windy,windy,universal,comprehension/production,item_1127,
yellow ,Descriptive Words,yellow ,yellow ,universal,comprehension/production,item_1128,
yucky,Descriptive Words,yucky,yucky,Eng,comprehension/production,item_1129,
מגעיל,Descriptive Words,מגעיל,yucky,Heb,comprehension/production,item_1130,
day,Words about Time-Content,day,day,universal,comprehension/production,item_1131,
צהריים,Words about Time-Content,צהריים,day,Heb,comprehension/production,item_1132,
morning,Words about Time-Content,morning,morning,Eng,comprehension/production,item_1133,
בוקר,Words about Time-Content,בוקר,morning,Heb,comprehension/production,item_1134,
רגע,Words about Time-Content,רגע,morning,Heb,comprehension/production,item_1135,
night,Words about Time-Content,night,night,Eng,comprehension/production,item_1136,
לילה,Words about Time-Content,לילה,night,Heb,comprehension/production,item_1137,
שבת,Words about Time-Content,שבת,night,Heb,comprehension/production,item_1138,
time,Words about Time-Content,time,time,universal,comprehension/production,item_1139,
today,Words about Time-Content,today,today,Eng,comprehension/production,item_1140,
היום,Words about Time-Content,היום,today,Heb,comprehension/production,item_1141,
tomorrow,Words about Time-Content,tomorrow,tomorrow,Eng,comprehension/production,item_1142,
מחר,Words about Time-Content,מחר,tomorrow,Heb,comprehension/production,item_1143,
tonight,Words about Time-Content,tonight,tonight,universal,comprehension/production,item_1144,
yesterday,Words about Time-Content,yesterday,yesterday,Eng,comprehension/production,item_1145,
אתמול,Words about Time-Content,אתמול,yesterday,Heb,comprehension/production,item_1146,
after,Words about Time-Function,after,after,Eng,comprehension/production,item_1147,
אחרי,Words about Time-Function,אחרי,after,Heb,comprehension/production,item_1148,
היה,Words about Time-Function,היה,after,Heb,comprehension/production,item_1149,
before,Words about Time-Function,before,before,Eng,comprehension/production,item_1150,
לפני,Words about Time-Function,לפני,before,Heb,comprehension/production,item_1151,
פעם,Words about Time-Function,פעם,before,Heb,comprehension/production,item_1152,
later,Words about Time-Function,later,later,Eng,comprehension/production,item_1153,
אחר כך,Words about Time-Function,אחר כך,later,Heb,comprehension/production,item_1154,
now,Words about Time-Function,now,now,Eng,comprehension/production,item_1155,
עכשיו,Words about Time-Function,עכשיו,now,Heb,comprehension/production,item_1156,
he ,Pronouns,he ,he ,Eng,comprehension/production,item_1157,
הוא/היא,Pronouns,הוא/היא,he ,Heb,comprehension/production,item_1158,
הנה,Pronouns,הנה,he ,Heb,comprehension/production,item_1159,
her,Pronouns,her,her,universal,comprehension/production,item_1160,
hers,Pronouns,hers,hers,universal,comprehension/production,item_1161,
him,Pronouns,him,him,universal,comprehension/production,item_1162,
his,Pronouns,his,his,universal,comprehension/production,item_1163,
I,Pronouns,I,I,Eng,comprehension/production,item_1164,
אני,Pronouns,אני,I,Heb,comprehension/production,item_1165,
it,Pronouns,it,it,universal,comprehension/production,item_1166,
me,Pronouns,me,me,Eng,comprehension/production,item_1167,
אותי,Pronouns,אותי,me,Heb,comprehension/production,item_1168,
mine,Pronouns,mine,mine,Eng,comprehension/production,item_1169,
שלי,Pronouns,שלי,mine,Heb,comprehension/production,item_1170,
my,Pronouns,my,my,Eng,comprehension/production,item_1171,
שלי_2,Pronouns,שלי,my,Heb,comprehension/production,item_1172,
myself,Pronouns,myself,myself,universal,comprehension/production,item_1173,
our,Pronouns,our,our,Eng,comprehension/production,item_1174,
שלנו,Pronouns,שלנו,our,Heb,comprehension/production,item_1175,
she,Pronouns,she,she,Eng,comprehension/production,item_1176,
הוא/היא_2,Pronouns,הוא/היא,she,Heb,comprehension/production,item_1177,
that,Pronouns,that,that,universal,comprehension/production,item_1178,
their,Pronouns,their,their,universal,comprehension/production,item_1179,
them,Pronouns,them,them,universal,comprehension/production,item_1180,
these,Pronouns,these,these,Eng,comprehension/production,item_1181,
אלה,Pronouns,אלה,these,Heb,comprehension/production,item_1182,
they,Pronouns,they,they,Eng,comprehension/production,item_1183,
הם,Pronouns,הם,they,Heb,comprehension/production,item_1184,
this,Pronouns,this,this,Eng,comprehension/production,item_1185,
זה,Pronouns,זה,this,Heb,comprehension/production,item_1186,
those,Pronouns,those,those,universal,comprehension/production,item_1187,
us,Pronouns,us,us,universal,comprehension/production,item_1188,
we,Pronouns,we,we,Eng,comprehension/production,item_1189,
אנחנו,Pronouns,אנחנו,we,Heb,comprehension/production,item_1190,
you,Pronouns,you,you,Eng,comprehension/production,item_1191,
אתה,Pronouns,אתה,you,Heb,comprehension/production,item_1192,
your,Pronouns,your,your,Eng,comprehension/production,item_1193,
שלך,Pronouns,שלך,your,Heb,comprehension/production,item_1194,
yourself,Pronouns,yourself,yourself,universal,comprehension/production,item_1195,
how,Question Words,how,how,Eng,comprehension/production,item_1196,
איך,Question Words,איך,how,Heb,comprehension/production,item_1197,
כמה,Question Words,כמה,how,Heb,comprehension/production,item_1198,
what,Question Words,what,what,Eng,comprehension/production,item_1199,
מה,Question Words,מה,what,Heb,comprehension/production,item_1200,
מה זה,Question Words,מה זה,what,Heb,comprehension/production,item_1201,
when,Question Words,when,when,Eng,comprehension/production,item_1202,
מתי,Question Words,מתי,when,Heb,comprehension/production,item_1203,
מי זה,Question Words,מי זה,when,Heb,comprehension/production,item_1204,
where,Question Words,where,where,Eng,comprehension/production,item_1205,
איפה,Question Words,איפה,where,Heb,comprehension/production,item_1206,
which,Question Words,which,which,Eng,comprehension/production,item_1207,
איזה,Question Words,איזה,which,Heb,comprehension/production,item_1208,
who,Question Words,who,who,Eng,comprehension/production,item_1209,
מי,Question Words,מי,who,Heb,comprehension/production,item_1210,
why,Question Words,why,why,Eng,comprehension/production,item_1211,
למה,Question Words,למה,why,Heb,comprehension/production,item_1212,
about ,Prepositions and Locations,about ,about ,Eng,comprehension/production,item_1213,
על,Prepositions and Locations,על,about ,Heb,comprehension/production,item_1214,
בין,Prepositions and Locations,בין,about ,Heb,comprehension/production,item_1215,
above,Prepositions and Locations,above,above,Eng,comprehension/production,item_1216,
מעל,Prepositions and Locations,מעל,above,Heb,comprehension/production,item_1217,
around,Prepositions and Locations,around,around,universal,comprehension/production,item_1218,
at,Prepositions and Locations,at,at,universal,comprehension/production,item_1219,
away,Prepositions and Locations,away,away,Eng,comprehension/production,item_1220,
רחוק,Prepositions and Locations,רחוק,away,Heb,comprehension/production,item_1221,
back,Prepositions and Locations,back,back,universal,comprehension/production,item_1222,
behind,Prepositions and Locations,behind,behind,Eng,comprehension/production,item_1223,
אחרי/מאחורי,Prepositions and Locations,אחרי/מאחורי,behind,Heb,comprehension/production,item_1224,
beside,Prepositions and Locations,beside,beside,Eng,comprehension/production,item_1225,
ליד/על יד,Prepositions and Locations,ליד/על יד,beside,Heb,comprehension/production,item_1226,
by,Prepositions and Locations,by,by,universal,comprehension/production,item_1227,
down,Prepositions and Locations,down,down,Eng,comprehension/production,item_1228,
למטה,Prepositions and Locations,למטה,down,Heb,comprehension/production,item_1229,
for,Prepositions and Locations,for,for,universal,comprehension/production,item_1230,
here,Prepositions and Locations,here,here,Eng,comprehension/production,item_1231,
כאן/פה,Prepositions and Locations,כאן/פה,here,Heb,comprehension/production,item_1232,
inside/in,Prepositions and Locations,inside/in,inside/in,Eng,comprehension/production,item_1233,
בפנים/בתוך,Prepositions and Locations,בפנים/בתוך,inside/in,Heb,comprehension/production,item_1234,
into,Prepositions and Locations,into,into,universal,comprehension/production,item_1235,
next to,Prepositions and Locations,next to,next to,Eng,comprehension/production,item_1236,
ליד/על יד_2,Prepositions and Locations,ליד/על יד,next to,Heb,comprehension/production,item_1237,
of,Prepositions and Locations,of,of,universal,comprehension/production,item_1238,
off,Prepositions and Locations,off,off,universal,comprehension/production,item_1239,
on,Prepositions and Locations,on,on,Eng,comprehension/production,item_1240,
על_2,Prepositions and Locations,על,on,Heb,comprehension/production,item_1241,
on top of,Prepositions and Locations,on top of,on top of,Eng,comprehension/production,item_1242,
מעל ,Prepositions and Locations,מעל ,on top of,Heb,comprehension/production,item_1243,
out,Prepositions and Locations,out,out,universal,comprehension/production,item_1244,
over,Prepositions and Locations,over,over,Eng,comprehension/production,item_1245,
מעל_2,Prepositions and Locations,מעל,over,Heb,comprehension/production,item_1246,
there,Prepositions and Locations,there,there,Eng,comprehension/production,item_1247,
שם,Prepositions and Locations,שם,there,Heb,comprehension/production,item_1248,
to,Prepositions and Locations,to,to,universal,comprehension/production,item_1249,
under,Prepositions and Locations,under,under,Eng,comprehension/production,item_1250,
מתחת,Prepositions and Locations,מתחת,under,Heb,comprehension/production,item_1251,
up,Prepositions and Locations,up,up,Eng,comprehension/production,item_1252,
למעלה,Prepositions and Locations,למעלה,up,Heb,comprehension/production,item_1253,
with,Prepositions and Locations,with,with,Eng,comprehension/production,item_1254,
עם,Prepositions and Locations,עם,with,Heb,comprehension/production,item_1255,
a,Quantifiers and Articles,a,a,universal,comprehension/production,item_1256,
אחד,Quantifiers and Articles,אחד,a,Heb,comprehension/production,item_1257,
all,Quantifiers and Articles,all,all,universal,comprehension/production,item_1258,
הכל,Quantifiers and Articles,הכל,all,Heb,comprehension/production,item_1259,
a lot,Quantifiers and Articles,a lot,a lot,Eng,comprehension/production,item_1260,
המון,Quantifiers and Articles,המון,a lot,Heb,comprehension/production,item_1261,
הרבה,Quantifiers and Articles,הרבה,a lot,Heb,comprehension/production,item_1262,
an,Quantifiers and Articles,an,an,universal,comprehension/production,item_1263,
another,Quantifiers and Articles,another,another,universal,comprehension/production,item_1264,
any,Quantifiers and Articles,any,any,universal,comprehension/production,item_1265,
each,Quantifiers and Articles,each,each,Eng,comprehension/production,item_1266,
כל,Quantifiers and Articles,כל,each,Heb,comprehension/production,item_1267,
every,Quantifiers and Articles,every,every,Eng,comprehension/production,item_1268,
כל_2,Quantifiers and Articles,כל,every,Heb,comprehension/production,item_1269,
more,Quantifiers and Articles,more,more,Eng,comprehension/production,item_1270,
עוד_2,Quantifiers and Articles,עוד,more,Heb,comprehension/production,item_1271,
much,Quantifiers and Articles,much,much,Eng,comprehension/production,item_1272,
הרבה_2,Quantifiers and Articles,הרבה,much,Heb,comprehension/production,item_1273,
not,Quantifiers and Articles,not,not,universal,comprehension/production,item_1274,
none,Quantifiers and Articles,none,none,Eng,comprehension/production,item_1275,
אף אחד,Quantifiers and Articles,אף אחד,none,Heb,comprehension/production,item_1276,
כלום,Quantifiers and Articles,כלום,none,Heb,comprehension/production,item_1277,
other,Quantifiers and Articles,other,other,universal,comprehension/production,item_1278,
same,Quantifiers and Articles,same,same,universal,comprehension/production,item_1279,
some,Quantifiers and Articles,some,some,Eng,comprehension/production,item_1280,
מעט/קצת,Quantifiers and Articles,מעט/קצת,some,Heb,comprehension/production,item_1281,
the ,Quantifiers and Articles,the ,the ,universal,comprehension/production,item_1282,
too,Quantifiers and Articles,too,too,Eng,comprehension/production,item_1283,
גם,Quantifiers and Articles,גם,too,Heb,comprehension/production,item_1284,
am,Helping Verbs,am,am,universal,comprehension/production,item_1285,
are,Helping Verbs,are,are,universal,comprehension/production,item_1286,
be,Helping Verbs,be,be,universal,comprehension/production,item_1287,
can_2,Helping Verbs,can,can,universal,comprehension/production,item_1288,
could,Helping Verbs,could,could,universal,comprehension/production,item_1289,
did/did ya,Helping Verbs,did/did ya,did/did ya,universal,comprehension/production,item_1290,
do,Helping Verbs,do,do,universal,comprehension/production,item_1291,
does,Helping Verbs,does,does,universal,comprehension/production,item_1292,
don't,Helping Verbs,don't,don't,universal,comprehension/production,item_1293,
gonna/going to,Helping Verbs,gonna/going to,gonna/going to,universal,comprehension/production,item_1294,
gotta/got to,Helping Verbs,gotta/got to,gotta/got to,universal,comprehension/production,item_1295,
hafta/have tp,Helping Verbs,hafta/have tp,hafta/have tp,universal,comprehension/production,item_1296,
is,Helping Verbs,is,is,universal,comprehension/production,item_1297,
lemme/let me,Helping Verbs,lemme/let me,lemme/let me,universal,comprehension/production,item_1298,
need/need to,Helping Verbs,need/need to,need/need to,universal,comprehension/production,item_1299,
try/try to,Helping Verbs,try/try to,try/try to,universal,comprehension/production,item_1300,
wanna/want to,Helping Verbs,wanna/want to,wanna/want to,universal,comprehension/production,item_1301,
was,Helping Verbs,was,was,universal,comprehension/production,item_1302,
were,Helping Verbs,were,were,universal,comprehension/production,item_1303,
will,Helping Verbs,will,will,universal,comprehension/production,item_1304,
would,Helping Verbs,would,would,universal,comprehension/production,item_1305,
and,Connecting Words,and,and,universal,comprehension/production,item_1306,
because,Connecting Words,because,because,universal,comprehension/production,item_1307,
but,Connecting Words,but,but,universal,comprehension/production,item_1308,
if,Connecting Words,if,if,universal,comprehension/production,item_1309,
so,Connecting Words,so,so,universal,comprehension/production,item_1310,
then,Connecting Words,then,then,universal,comprehension/production,item_1311,
